Day fraction since midnight on 	Temperature (C)	200 kPa (Pa)	Pump Run ()
0.6843008926	39.5854988098	15302.5136718750	0.0000000000
0.6843066995	39.5968017578	15157.8408203125	0.0000000000
0.6843124833	39.5934143066	14968.9814453125	0.0000000000
0.6843182671	39.5910072327	14817.4003906250	0.0000000000
0.6843240509	39.5860748291	14856.5771484375	0.0000000000
0.6843298347	39.5851058960	15069.9179687500	0.0000000000
0.6843356187	39.5869178772	15098.9042968750	0.0000000000
0.6843414023	39.5856933594	15168.0800781250	0.0000000000
0.6843472092	39.5787811279	15355.4843750000	0.0000000000
0.6843529930	39.5747871399	15203.8427734375	0.0000000000
0.6843587768	39.5872650146	14951.3232421875	0.0000000000
0.6843645608	39.5786437988	14671.7089843750	0.0000000000
0.6843703444	39.5868949890	14887.8251953125	0.0000000000
0.6843761282	39.5814590454	15057.3564453125	0.0000000000
0.6843819120	39.5792465210	15012.8789062500	0.0000000000
0.6843877191	39.5838279724	15121.1152343750	0.0000000000
0.6843935027	39.5846481323	15220.3720703125	0.0000000000
0.6843992865	39.5800552368	15269.9042968750	0.0000000000
0.6844050703	39.5827178955	14894.2158203125	0.0000000000
0.6844108541	39.5802078247	14691.2216796875	0.0000000000
0.6844166379	39.5818786621	14860.1367187500	0.0000000000
0.6844224216	39.5822029114	15026.4160156250	0.0000000000
0.6844282076	39.5846252441	15106.2978515625	0.0000000000
0.6844340145	39.5889663696	15154.4453125000	0.0000000000
0.6844397986	39.5827293396	15243.0859375000	0.0000000000
0.6844455821	39.5825271606	15287.8027343750	0.0000000000
0.6844513659	39.5777549744	14956.4316406250	0.0000000000
0.6844571497	39.5831832886	14816.7666015625	0.0000000000
0.6844629335	39.5864524841	14830.0556640625	0.0000000000
0.6844687404	39.5854988098	15083.5039062500	0.0000000000
0.6844745242	39.5879631042	15171.7646484375	0.0000000000
0.6844803080	39.5829429626	15141.7568359375	0.0000000000
0.6844860920	39.5859680176	15289.3935546875	0.0000000000
0.6844918756	39.5793304443	15326.7314453125	0.0000000000
0.6844976594	39.5852203369	15013.9843750000	0.0000000000
0.6845034432	39.5866851807	14688.8935546875	0.0000000000
0.6845092503	39.5838623047	14872.3681640625	0.0000000000
0.6845150339	39.5900001526	15132.9267578125	0.0000000000
0.6845208177	39.5815467834	15076.8105468750	0.0000000000
0.6845266017	39.5865592957	15147.6093750000	0.0000000000
0.6845323853	39.5800895691	15303.2265625000	0.0000000000
0.6845381691	39.5891151428	15256.6679687500	0.0000000000
0.6845439529	39.5874900818	14917.6347656250	0.0000000000
0.6845497598	39.5872535706	14595.2265625000	0.0000000000
0.6845555436	39.5859298706	14956.8593750000	0.0000000000
0.6845613296	39.5893898010	15065.2109375000	0.0000000000
0.6845671134	39.5815200806	15092.4638671875	0.0000000000
0.6845728972	39.5839920044	15149.9589843750	0.0000000000
0.6845786812	39.5817108154	15336.1064453125	0.0000000000
0.6845844650	39.5803337097	15229.4970703125	0.0000000000
0.6845902486	39.5809822083	14977.9736328125	0.0000000000
0.6845960555	39.5799331665	14774.1025390625	0.0000000000
0.6846018393	39.5822143555	14853.6923828125	0.0000000000
0.6846076233	39.5812911987	15041.9931640625	0.0000000000
0.6846134069	39.5843658447	15149.2402343750	0.0000000000
0.6846191909	39.5826683044	15152.3183593750	0.0000000000
0.6846249771	39.5803527832	15225.3066406250	0.0000000000
0.6846307609	39.5849037170	15201.1699218750	0.0000000000
0.6846365474	39.5838775635	14993.7822265625	0.0000000000
0.6846423544	39.5920677185	14713.4355468750	0.0000000000
0.6846481382	39.5929031372	14904.9628906250	0.0000000000
0.6846539220	39.5979385376	15086.7421875000	0.0000000000
0.6846597060	39.6021232605	15110.2949218750	0.0000000000
0.6846654898	39.6009140015	15176.5175781250	0.0000000000
0.6846712736	39.6047935486	15258.5839843750	0.0000000000
0.6846770803	39.6041221619	15268.5205078125	0.0000000000
0.6846828641	39.6041870117	14945.7685546875	0.0000000000
0.6846886479	39.6028747559	14715.3691406250	0.0000000000
0.6846944317	39.6046257019	14897.0625000000	0.0000000000
0.6847002154	39.6073455811	15002.2460937500	0.0000000000
0.6847059994	39.5982742310	15058.6728515625	0.0000000000
0.6847117830	39.6025199890	15077.7832031250	0.0000000000
0.6847175668	39.6023750305	15212.5419921875	0.0000000000
0.6847233738	39.6052551270	15181.2666015625	0.0000000000
0.6847291578	39.5978012085	14872.1699218750	0.0000000000
0.6847349415	39.5996780396	14711.2285156250	0.0000000000
0.6847407253	39.5980682373	14817.5751953125	0.0000000000
0.6847465091	39.5918159485	14981.2675781250	0.0000000000
0.6847523161	39.6040420532	15010.2011718750	0.0000000000
0.6847580767	39.6018333435	15006.9365234375	0.0000000000
0.6847638837	39.6046485901	15233.1406250000	0.0000000000
0.6847696672	39.6053619385	15199.2109375000	0.0000000000
0.6847754512	39.5984573364	14912.4257812500	0.0000000000
0.6847812350	39.6024017334	14577.8349609375	0.0000000000
0.6847870188	39.6040763855	14784.3798828125	0.0000000000
0.6847928024	39.6043128967	15035.6992187500	0.0000000000
0.6847985862	39.6010665894	14903.1416015625	0.0000000000
0.6848043931	39.6012115479	15088.8437500000	0.0000000000
0.6848101771	39.6046714783	15090.3623046875	0.0000000000
0.6848159607	39.6064872742	15209.6982421875	0.0000000000
0.6848217445	39.6062889099	14896.1679687500	0.0000000000
0.6848275285	39.6076774597	14547.1025390625	0.0000000000
0.6848333121	39.6142654419	14906.2119140625	0.0000000000
0.6848390961	39.6115722656	14961.7646484375	0.0000000000
0.6848449028	39.6078987122	15011.8076171875	0.0000000000
0.6848506866	39.6118354797	15105.0859375000	0.0000000000
0.6848564704	39.6125297546	15139.1406250000	0.0000000000
0.6848622542	39.6104965210	15160.7578125000	0.0000000000
0.6848680380	39.6150207520	14842.3203125000	0.0000000000
0.6848738451	39.6070861816	14737.9736328125	0.0000000000
0.6848796056	39.6153640747	14824.0820312500	0.0000000000
0.6848854125	39.6161384583	14985.5332031250	0.0000000000
0.6848911963	39.6149291992	15051.1982421875	0.0000000000
0.6848969803	39.6112670898	15047.6972656250	0.0000000000
0.6849027639	39.6157913208	15219.7939453125	0.0000000000
0.6849085479	39.6114425659	15123.1455078125	0.0000000000
0.6849143315	39.6159591675	14955.5419921875	0.0000000000
0.6849201153	39.6157569885	14663.1630859375	0.0000000000
0.6849259222	39.6212806702	14876.2490234375	0.0000000000
0.6849317060	39.6243896484	15014.2138671875	0.0000000000
0.6849374900	39.6291160583	15060.4824218750	0.0000000000
0.6849432738	39.6326751709	15054.6621093750	0.0000000000
0.6849490576	39.6327629089	15173.8320312500	0.0000000000
0.6849548645	39.6404647827	15134.3496093750	0.0000000000
0.6849606249	39.6359977722	14886.9814453125	0.0000000000
0.6849664319	39.6454124451	14663.5712890625	0.0000000000
0.6849722159	39.6470527649	14777.2783203125	0.0000000000
0.6849779997	39.6499862671	14887.5781250000	0.0000000000
0.6849837835	39.6510543823	14945.2001953125	0.0000000000
0.6849895673	39.6470108032	15027.9414062500	0.0000000000
0.6849953511	39.6495132446	15118.1660156250	0.0000000000
0.6850011346	39.6450004578	15157.6289062500	0.0000000000
0.6850069416	39.6421546936	14779.8222656250	0.0000000000
0.6850127254	39.6406974792	14672.2714843750	0.0000000000
0.6850185094	39.6468544006	14766.5937500000	0.0000000000
0.6850243163	39.6416091919	14931.0732421875	0.0000000000
0.6850300767	39.6332931519	14950.3662109375	0.0000000000
0.6850358608	39.6331329346	15019.9189453125	0.0000000000
0.6850416443	39.6281394958	15121.6464843750	0.0000000000
0.6850474515	39.6253471375	15113.0048828125	0.0000000000
0.6850532353	39.6249885559	14922.1953125000	0.0000000000
0.6850590191	39.6250572205	14600.5224609375	0.0000000000
0.6850648028	39.6385993958	14726.6513671875	0.0000000000
0.6850705866	39.6330261230	14868.3964843750	0.0000000000
0.6850763704	39.6400489807	14858.7646484375	0.0000000000
0.6850821542	39.6423797607	14951.6718750000	0.0000000000
0.6850879612	39.6453781128	15082.0810546875	0.0000000000
0.6850937449	39.6593093872	15140.9101562500	0.0000000000
0.6850995287	39.6646041870	14760.7412109375	0.0000000000
0.6851053125	39.6597328186	14603.7675781250	0.0000000000
0.6851110963	39.6650772095	14718.5097656250	0.0000000000
0.6851168799	39.6592445374	14864.6376953125	0.0000000000
0.6851226637	39.6564292908	14848.2929687500	0.0000000000
0.6851284706	39.6700553894	15005.0986328125	0.0000000000
0.6851342544	39.6743850708	15058.5693359375	0.0000000000
0.6851400384	39.6730308533	15090.5117187500	0.0000000000
0.6851458222	39.6785659790	14779.2216796875	0.0000000000
0.6851516058	39.6758003235	14666.4658203125	0.0000000000
0.6851573896	39.6742248535	14626.4863281250	0.0000000000
0.6851631736	39.6762580872	14912.7597656250	0.0000000000
0.6851689803	39.6770553589	14906.3427734375	0.0000000000
0.6851747641	39.6802253723	14963.1035156250	0.0000000000
0.6851805479	39.6760406494	15109.2548828125	0.0000000000
0.6851863319	39.6752586365	15109.3203125000	0.0000000000
0.6851921386	39.6640625000	14881.6816406250	0.0000000000
0.6851978993	39.6685104370	14548.2568359375	0.0000000000
0.6852037064	39.6758079529	14639.5546875000	0.0000000000
0.6852094902	39.6806869507	14851.3105468750	0.0000000000
0.6852152740	39.6828384399	14926.4921875000	0.0000000000
0.6852210578	39.6867294312	14967.7275390625	0.0000000000
0.6852268416	39.6921958923	15037.9023437500	0.0000000000
0.6852326254	39.6954002380	15073.2089843750	0.0000000000
0.6852384323	39.7014427185	14873.4160156250	0.0000000000
0.6852442161	39.7011108398	14590.4472656250	0.0000000000
0.6852499997	39.7055320740	14793.0058593750	0.0000000000
0.6852557837	39.7105216980	14836.4560546875	0.0000000000
0.6852615673	39.7087364197	14939.3720703125	0.0000000000
0.6852673513	39.7053451538	14973.3857421875	0.0000000000
0.6852731349	39.7041931152	15112.1650390625	0.0000000000
0.6852789189	39.7079696655	15192.9873046875	0.0000000000
0.6852847258	39.7100257874	14821.3369140625	0.0000000000
0.6852905094	39.7082519531	14675.8886718750	0.0000000000
0.6852962932	39.7110328674	14655.9667968750	0.0000000000
0.6853020772	39.7126007080	14812.5576171875	0.0000000000
0.6853078610	39.7111244202	14979.2138671875	0.0000000000
0.6853136448	39.7155647278	14916.1679687500	0.0000000000
0.6853194283	39.7063064575	15157.3154296875	0.0000000000
0.6853252355	39.7206611633	15110.0683593750	0.0000000000
0.6853310191	39.7192687988	14906.4179687500	0.0000000000
0.6853368029	39.7215576172	14494.2685546875	0.0000000000
0.6853425869	39.7250480652	14625.3691406250	0.0000000000
0.6853483706	39.7313156128	14970.0126953125	0.0000000000
0.6853541542	39.7371788025	14940.8886718750	0.0000000000
0.6853599382	39.7368202209	14939.5429687500	0.0000000000
0.6853657450	39.7409324646	15070.9267578125	0.0000000000
0.6853715288	39.7411422729	15141.1455078125	0.0000000000
0.6853773127	39.7464485168	14806.8076171875	0.0000000000
0.6853830966	39.7589416504	14517.2050781250	0.0000000000
0.6853888803	39.7526473999	14732.2001953125	0.0000000000
0.6853946642	39.7610893250	14759.2968750000	0.0000000000
0.6854004711	39.7546997070	14861.7343750000	0.0000000000
0.6854062549	39.7546691895	14905.2255859375	0.0000000000
0.6854120387	39.7569885254	15019.1328125000	0.0000000000
0.6854178224	39.7637786865	15099.4042968750	0.0000000000
0.6854236062	39.7653579712	14822.3837890625	0.0000000000
0.6854293901	39.7668113708	14600.7753906250	0.0000000000
0.6854351738	39.7669219971	14492.8867187500	0.0000000000
0.6854409574	39.7693138123	14667.9921875000	0.0000000000
0.6854467646	39.7717857361	14844.0019531250	0.0000000000
0.6854525481	39.7704849243	14839.0957031250	0.0000000000
0.6854583204	39.7707252502	14960.9316406250	0.0000000000
0.6854641273	39.7696418762	15076.7705078125	0.0000000000
0.6854698997	39.7738876343	14843.6289062500	0.0000000000
0.6854756835	39.7766914368	14572.4238281250	0.0000000000
0.6854814671	39.7782363892	14561.2617187500	0.0000000000
0.6854872740	39.7849998474	14735.0205078125	0.0000000000
0.6854930578	39.7905693054	14781.0458984375	0.0000000000
0.6854988418	39.7917289734	14863.1533203125	0.0000000000
0.6855046256	39.7929115295	14988.5576171875	0.0000000000
0.6855104094	39.7901802063	15068.5996093750	0.0000000000
0.6855161932	39.8050651550	14884.5585937500	0.0000000000
0.6855219770	39.7992057800	14607.7216796875	0.0000000000
0.6855277839	39.8030891418	14553.3964843750	0.0000000000
0.6855335675	39.8024978638	14773.0029296875	0.0000000000
0.6855393515	39.7984886169	14821.2353515625	0.0000000000
0.6855451351	39.8054199219	14949.2783203125	0.0000000000
0.6855509209	39.8060112000	14966.2978515625	0.0000000000
0.6855567047	39.8099098206	15142.5546875000	0.0000000000
0.6855624887	39.8095207214	14885.6435546875	0.0000000000
0.6855682954	39.8126220703	14644.2382812500	0.0000000000
0.6855740792	39.8163528442	14535.3291015625	0.0000000000
0.6855798630	39.8070487976	14776.8867187500	0.0000000000
0.6855856468	39.8137931824	14935.7421875000	0.0000000000
0.6855914306	39.8159141541	14940.9199218750	0.0000000000
0.6855972144	39.8146286011	15023.3974609375	0.0000000000
0.6856029981	39.8185691833	15191.9287109375	0.0000000000
0.6856088051	39.8199996948	14911.6718750000	0.0000000000
0.6856145889	39.8187866211	14605.7792968750	0.0000000000
0.6856203727	39.8220596313	14647.1123046875	0.0000000000
0.6856261567	39.8224449158	14873.9257812500	0.0000000000
0.6856319403	39.8223495483	14919.1083984375	0.0000000000
0.6856377240	39.8282089233	14925.3398437500	0.0000000000
0.6856435078	39.8292007446	15038.4082031250	0.0000000000
0.6856493150	39.8229141235	15121.7988281250	0.0000000000
0.6856550986	39.8274002075	14885.2285156250	0.0000000000
0.6856608824	39.8252182007	14605.5820312500	0.0000000000
0.6856666662	39.8329811096	14642.7099609375	0.0000000000
0.6856724499	39.8321533203	14740.0869140625	0.0000000000
0.6856782337	39.8364410400	14806.5605468750	0.0000000000
0.6856840177	39.8324470520	14970.9980468750	0.0000000000
0.6856898153	39.8404655457	14976.0205078125	0.0000000000
0.6856955991	39.8369789124	15091.9794921875	0.0000000000
0.6857013829	39.8389549255	14889.0214843750	0.0000000000
0.6857071667	39.8354339600	14686.9492187500	0.0000000000
0.6857129736	39.8401031494	14541.1923828125	0.0000000000
0.6857187572	39.8446159363	14770.5166015625	0.0000000000
0.6857245410	39.8468132019	14888.4736328125	0.0000000000
0.6857303248	39.8515396118	14806.9257812500	0.0000000000
0.6857361319	39.8473815918	14970.4550781250	0.0000000000
0.6857418924	39.8444137573	15206.4277343750	0.0000000000
0.6857476764	39.8432540894	14979.1318359375	0.0000000000
0.6857534831	39.8431549072	14541.2705078125	0.0000000000
0.6857592670	39.8435173035	14557.1113281250	0.0000000000
0.6857650506	39.8459434509	14759.2197265625	0.0000000000
0.6857708347	39.8532714844	14715.8466796875	0.0000000000
0.6857766182	39.8577499390	14842.5703125000	0.0000000000
0.6857824254	39.8536262512	14961.5136718750	0.0000000000
0.6857882092	39.8672027588	15104.5527343750	0.0000000000
0.6857939929	39.8607368469	14795.3623046875	0.0000000000
0.6857997766	39.8630523682	14523.9902343750	0.0000000000
0.6858055606	39.8619155884	14555.0390625000	0.0000000000
0.6858113441	39.8616104126	14679.9375000000	0.0000000000
0.6858171279	39.8649787903	14733.3476562500	0.0000000000
0.6858229117	39.8643798828	14826.7470703125	0.0000000000
0.6858286955	39.8701171875	14904.6904296875	0.0000000000
0.6858345026	39.8665618896	14964.2861328125	0.0000000000
0.6858402864	39.8647689819	14778.8828125000	0.0000000000
0.6858460700	39.8693351746	14522.2636718750	0.0000000000
0.6858518770	39.8653259277	14542.3759765625	0.0000000000
0.6858576378	39.8682975769	14681.6582031250	0.0000000000
0.6858634216	39.8689918518	14797.3593750000	0.0000000000
0.6858692286	39.8749923706	14792.4902343750	0.0000000000
0.6858750123	39.8712043762	14884.0283203125	0.0000000000
0.6858807959	39.8735580444	14945.2294921875	0.0000000000
0.6858865797	39.8836860657	14729.5908203125	0.0000000000
0.6858923635	39.8797378540	14396.6083984375	0.0000000000
0.6858981473	39.8800086975	14449.7490234375	0.0000000000
0.6859039311	39.8807754517	14725.2871093750	0.0000000000
0.6859097149	39.8809661865	14786.7041015625	0.0000000000
0.6859155218	39.8802986145	14687.9365234375	0.0000000000
0.6859213056	39.8810615540	14970.0400390625	0.0000000000
0.6859270894	39.8855705261	14965.3916015625	0.0000000000
0.6859328734	39.8867111206	14760.3339843750	0.0000000000
0.6859386570	39.8868217468	14495.9228515625	0.0000000000
0.6859444408	39.8879051208	14530.8828125000	0.0000000000
0.6859502477	39.8854713440	14685.2255859375	0.0000000000
0.6859560315	39.8912887573	14767.5332031250	0.0000000000
0.6859618153	39.8910789490	14796.5087890625	0.0000000000
0.6859675991	39.8818092346	14904.5625000000	0.0000000000
0.6859733829	39.8923721313	15033.5742187500	0.0000000000
0.6859791667	39.8923187256	14690.0478515625	0.0000000000
0.6859849505	39.8935241699	14555.0507812500	0.0000000000
0.6859907343	39.8951148987	14427.6425781250	0.0000000000
0.6859965412	39.8989257813	14683.1689453125	0.0000000000
0.6860023250	39.9002494812	14790.3964843750	0.0000000000
0.6860081090	39.9010658264	14742.0419921875	0.0000000000
0.6860139157	39.9099617004	14968.5546875000	0.0000000000
0.6860196764	39.9066505432	15006.7314453125	0.0000000000
0.6860254602	39.9049682617	14831.7656250000	0.0000000000
0.6860312673	39.9036827087	14506.5917968750	0.0000000000
0.6860370511	39.9087867737	14502.8261718750	0.0000000000
0.6860428349	39.9088478088	14769.7041015625	0.0000000000
0.6860486187	39.9070472717	14805.2958984375	0.0000000000
0.6860544025	39.9125976563	14866.0361328125	0.0000000000
0.6860601863	39.9074745178	14918.1835937500	0.0000000000
0.6860659701	39.9123687744	15080.5615234375	0.0000000000
0.6860717539	39.9110832214	14822.2802734375	0.0000000000
0.6860775608	39.9161834717	14541.5205078125	0.0000000000
0.6860833444	39.9153099060	14536.9716796875	0.0000000000
0.6860891284	39.9188690186	14716.5087890625	0.0000000000
0.6860949122	39.9239311218	14816.8417968750	0.0000000000
0.6861006957	39.9244651794	14913.5214843750	0.0000000000
0.6861064797	39.9232978821	14848.6464843750	0.0000000000
0.6861122635	39.9253005981	15017.7626953125	0.0000000000
0.6861180703	39.9312477112	14837.1074218750	0.0000000000
0.6861238543	39.9256477356	14540.9287109375	0.0000000000
0.6861296381	39.9361953735	14534.1562500000	0.0000000000
0.6861354219	39.9286689758	14619.8222656250	0.0000000000
0.6861412056	39.9357872009	14795.6943359375	0.0000000000
0.6861469894	39.9422340393	14743.8271484375	0.0000000000
0.6861527732	39.9440269470	14914.6484375000	0.0000000000
0.6861585799	39.9468803406	14994.2841796875	0.0000000000
0.6861643639	39.9448661804	14796.2851562500	0.0000000000
0.6861701479	39.9414787292	14500.5439453125	0.0000000000
0.6861759315	39.9490013123	14408.9687500000	0.0000000000
0.6861817151	39.9498329163	14617.5585937500	0.0000000000
0.6861874991	39.9491348267	14691.6660156250	0.0000000000
0.6861933061	39.9497070313	14687.5878906250	0.0000000000
0.6861990898	39.9493026733	14929.4453125000	0.0000000000
0.6862048734	39.9479713440	14970.3261718750	0.0000000000
0.6862106572	39.9547042847	14741.6865234375	0.0000000000
0.6862164412	39.9582214355	14483.5078125000	0.0000000000
0.6862222250	39.9553680420	14485.1093750000	0.0000000000
0.6862280086	39.9609451294	14538.1201171875	0.0000000000
0.6862338155	39.9617691040	14684.6298828125	0.0000000000
0.6862395993	39.9587059021	14837.3115234375	0.0000000000
0.6862453833	39.9608688354	14757.2597656250	0.0000000000
0.6862511669	39.9624137878	14993.3955078125	0.0000000000
0.6862569507	39.9581298828	14748.3896484375	0.0000000000
0.6862627578	39.9581680298	14608.5527343750	0.0000000000
0.6862685185	39.9577522278	14377.6484375000	0.0000000000
0.6862743252	39.9618453979	14613.5302734375	0.0000000000
0.6862801090	39.9629898071	14715.8085937500	0.0000000000
0.6862858928	39.9593353271	14700.7285156250	0.0000000000
0.6862916768	39.9662170410	14825.3232421875	0.0000000000
0.6862974606	39.9609336853	14963.8789062500	0.0000000000
0.6863032444	39.9572677612	14946.6914062500	0.0000000000
0.6863090282	39.9566192627	14536.5468750000	0.0000000000
0.6863148351	39.9567604065	14425.1699218750	0.0000000000
0.6863206189	39.9599227905	14691.1982421875	0.0000000000
0.6863264024	39.9570465088	14764.5332031250	0.0000000000
0.6863321864	39.9571609497	14788.2548828125	0.0000000000
0.6863379699	39.9629783630	14906.8750000000	0.0000000000
0.6863437536	39.9646110535	14890.9785156250	0.0000000000
0.6863495376	39.9701652527	14872.3417968750	0.0000000000
0.6863553444	39.9697952271	14490.7255859375	0.0000000000
0.6863611280	39.9686012268	14486.1640625000	0.0000000000
0.6863669119	39.9761772156	14590.1845703125	0.0000000000
0.6863726955	39.9729194641	14725.3642578125	0.0000000000
0.6863784792	39.9811096191	14791.7050781250	0.0000000000
0.6863842629	39.9783706665	14869.5097656250	0.0000000000
0.6863900467	39.9773750305	15033.1621093750	0.0000000000
0.6863958535	39.9818687439	14864.8994140625	0.0000000000
0.6864016373	39.9841384888	14650.6835937500	0.0000000000
0.6864074210	39.9841537476	14537.5341796875	0.0000000000
0.6864132050	39.9827003479	14589.9667968750	0.0000000000
0.6864189887	39.9814453125	14765.9404296875	0.0000000000
0.6864247725	39.9764556885	14741.7568359375	0.0000000000
0.6864305560	39.9808731079	14889.2841796875	0.0000000000
0.6864363629	39.9811859131	14962.9511718750	0.0000000000
0.6864421468	39.9768905640	14849.7167968750	0.0000000000
0.6864479303	39.9752502441	14606.1435546875	0.0000000000
0.6864537374	39.9796791077	14428.1943359375	0.0000000000
0.6864594980	39.9774017334	14618.6181640625	0.0000000000
0.6864652818	39.9773979187	14746.0859375000	0.0000000000
0.6864710655	39.9805374146	14727.1396484375	0.0000000000
0.6864768724	39.9768867493	14841.8193359375	0.0000000000
0.6864826561	39.9799919128	14912.5546875000	0.0000000000
0.6864884399	39.9774131775	14787.3339843750	0.0000000000
0.6864942467	39.9784317017	14500.8125000000	0.0000000000
0.6865000305	39.9808845520	14548.9365234375	0.0000000000
0.6865057909	39.9767494202	14541.0576171875	0.0000000000
0.6865115746	39.9836769104	14677.6630859375	0.0000000000
0.6865173817	39.9806289673	14706.6445312500	0.0000000000
0.6865231654	39.9879646301	14843.2470703125	0.0000000000
0.6865289490	39.9814605713	14934.5078125000	0.0000000000
0.6865347329	39.9801902771	14851.7089843750	0.0000000000
0.6865405166	39.9838981628	14529.8955078125	0.0000000000
0.6865463004	39.9825935364	14378.0722656250	0.0000000000
0.6865520839	39.9836807251	14568.5517578125	0.0000000000
0.6865578908	39.9845619202	14670.1054687500	0.0000000000
0.6865636745	39.9860839844	14598.0693359375	0.0000000000
0.6865694585	39.9905586243	14777.2705078125	0.0000000000
0.6865752420	39.9871253967	14902.0419921875	0.0000000000
0.6865810489	39.9870033264	14763.0888671875	0.0000000000
0.6865868095	39.9856452942	14491.6484375000	0.0000000000
0.6865926164	39.9888725281	14337.3710937500	0.0000000000
0.6865984004	39.9928932190	14545.7978515625	0.0000000000
0.6866041838	39.9904937744	14566.9384765625	0.0000000000
0.6866099676	39.9916877747	14637.9960937500	0.0000000000
0.6866157515	39.9916000366	14822.9003906250	0.0000000000
0.6866215353	39.9905242920	14830.1621093750	0.0000000000
0.6866273188	39.9955902100	14771.6230468750	0.0000000000
0.6866331028	39.9966392517	14479.3066406250	0.0000000000
0.6866389096	39.9961814880	14352.5185546875	0.0000000000
0.6866446934	39.9951629639	14445.9765625000	0.0000000000
0.6866504769	40.0012588501	14622.1357421875	0.0000000000
0.6866562608	39.9984054565	14664.9501953125	0.0000000000
0.6866620446	39.9993629456	14641.7880859375	0.0000000000
0.6866678300	40.0008430481	14791.2910156250	0.0000000000
0.6866736368	39.9990310669	14726.5791015625	0.0000000000
0.6866794206	39.9963340759	14538.6787109375	0.0000000000
0.6866852043	39.9967117310	14340.5517578125	0.0000000000
0.6866909883	39.9852828979	14504.8964843750	0.0000000000
0.6866967720	39.9892730713	14583.1162109375	0.0000000000
0.6867025787	39.9891700745	14580.5927734375	0.0000000000
0.6867083393	39.9859657288	14750.5380859375	0.0000000000
0.6867141230	39.9901046753	14763.7441406250	0.0000000000
0.6867199301	39.9881324768	14652.3076171875	0.0000000000
0.6867257136	39.9897994995	14436.9482421875	0.0000000000
0.6867314974	39.9952392578	14359.1806640625	0.0000000000
0.6867372811	39.9955482483	14493.2832031250	0.0000000000
0.6867430649	40.0019531250	14591.0693359375	0.0000000000
0.6867488488	39.9965629578	14663.0966796875	0.0000000000
0.6867546323	40.0044746399	14774.1503906250	0.0000000000
0.6867604392	40.0010375977	14849.5722656250	0.0000000000
0.6867662229	40.0024681091	14728.7216796875	0.0000000000
0.6867720067	40.0042304993	14401.8603515625	0.0000000000
0.6867777904	40.0076522827	14354.6738281250	0.0000000000
0.6867835742	40.0043601990	14456.0605468750	0.0000000000
0.6867893579	40.0078964233	14493.1689453125	0.0000000000
0.6867951419	40.0045318604	14604.3447265625	0.0000000000
0.6868009485	40.0053253174	14614.6777343750	0.0000000000
0.6868067323	40.0108299255	14780.0429687500	0.0000000000
0.6868125160	40.0149459839	14736.0019531250	0.0000000000
0.6868182997	40.0092849731	14401.2871093750	0.0000000000
0.6868240835	40.0153083801	14315.4023437500	0.0000000000
0.6868298672	40.0111503601	14524.6328125000	0.0000000000
0.6868356512	40.0129241943	14739.1250000000	0.0000000000
0.6868414579	40.0161552429	14645.3154296875	0.0000000000
0.6868472416	40.0126419067	14796.1074218750	0.0000000000
0.6868530253	40.0186157227	14939.0087890625	0.0000000000
0.6868588090	40.0188674927	14819.2812500000	0.0000000000
0.6868645928	40.0224266052	14410.7353515625	0.0000000000
0.6868703765	40.0256080627	14270.6835937500	0.0000000000
0.6868761603	40.0266685486	14499.0068359375	0.0000000000
0.6868819671	40.0234527588	14566.7529296875	0.0000000000
0.6868877509	40.0220527649	14621.5058593750	0.0000000000
0.6868935346	40.0235595703	14647.3603515625	0.0000000000
0.6868993207	40.0247688293	14774.9101562500	0.0000000000
0.6869051044	40.0243835449	14705.2890625000	0.0000000000
0.6869108879	40.0216293335	14431.3652343750	0.0000000000
0.6869166719	40.0287513733	14316.7890625000	0.0000000000
0.6869224788	40.0320663452	14508.9287109375	0.0000000000
0.6869282625	40.0345344543	14533.4462890625	0.0000000000
0.6869340460	40.0347328186	14628.8242187500	0.0000000000
0.6869398300	40.0348930359	14682.3994140625	0.0000000000
0.6869456137	40.0371971130	14826.0859375000	0.0000000000
0.6869514014	40.0431327820	14641.5576171875	0.0000000000
0.6869572081	40.0425758362	14478.5712890625	0.0000000000
0.6869629689	40.0414047241	14166.5351562500	0.0000000000
0.6869687756	40.0419387817	14457.7392578125	0.0000000000
0.6869745593	40.0402641296	14533.9716796875	0.0000000000
0.6869803433	40.0468444824	14528.9492187500	0.0000000000
0.6869861270	40.0407981873	14706.8925781250	0.0000000000
0.6869919107	40.0418930054	14784.7119140625	0.0000000000
0.6869976943	40.0429458618	14728.1855468750	0.0000000000
0.6870034780	40.0484046936	14391.0498046875	0.0000000000
0.6870092851	40.0360565186	14155.1406250000	0.0000000000
0.6870150686	40.0466880798	14406.1992187500	0.0000000000
0.6870208526	40.0409812927	14463.0957031250	0.0000000000
0.6870266363	40.0442428589	14603.5429687500	0.0000000000
0.6870324198	40.0468482971	14611.0205078125	0.0000000000
0.6870382036	40.0523185730	14774.9228515625	0.0000000000
0.6870439875	40.0466880798	14736.5654296875	0.0000000000
0.6870497944	40.0486068726	14383.5146484375	0.0000000000
0.6870555781	40.0524253845	14257.1005859375	0.0000000000
0.6870613619	40.0495643616	14436.6728515625	0.0000000000
0.6870671456	40.0528678894	14498.9208984375	0.0000000000
0.6870729294	40.0520172119	14544.2568359375	0.0000000000
0.6870787129	40.0551834106	14568.1865234375	0.0000000000
0.6870844966	40.0542221069	14708.5175781250	0.0000000000
0.6870903037	40.0488967896	14667.7949218750	0.0000000000
0.6870960875	40.0514640808	14356.7050781250	0.0000000000
0.6871018710	40.0510826111	14213.0410156250	0.0000000000
0.6871076549	40.0552902222	14349.1562500000	0.0000000000
0.6871134387	40.0540313721	14560.5039062500	0.0000000000
0.6871192224	40.0552825928	14557.8281250000	0.0000000000
0.6871250059	40.0596847534	14686.1787109375	0.0000000000
0.6871308128	40.0640182495	14772.5751953125	0.0000000000
0.6871365966	40.0654983521	14754.1972656250	0.0000000000
0.6871423803	40.0636596680	14500.6425781250	0.0000000000
0.6871481643	40.0641555786	14369.7910156250	0.0000000000
0.6871539478	40.0701217651	14625.1679687500	0.0000000000
0.6871597315	40.0691986084	14644.0439453125	0.0000000000
0.6871655153	40.0707702637	14704.5781250000	0.0000000000
0.6871713223	40.0701942444	14713.8300781250	0.0000000000
0.6871771061	40.0736007690	14847.3134765625	0.0000000000
0.6871828898	40.0736579895	14813.0732421875	0.0000000000
0.6871886736	40.0678787231	14531.6025390625	0.0000000000
0.6871944571	40.0707740784	14369.6894531250	0.0000000000
0.6872002410	40.0709915161	14395.3007812500	0.0000000000
0.6872060246	40.0734748840	14597.0761718750	0.0000000000
0.6872118316	40.0771179199	14660.3349609375	0.0000000000
0.6872176154	40.0686264038	14668.5058593750	0.0000000000
0.6872233991	40.0742454529	14825.5478515625	0.0000000000
0.6872292058	40.0732803345	14755.9726562500	0.0000000000
0.6872349666	40.0762062073	14455.7187500000	0.0000000000
0.6872407501	40.0747985840	14382.3789062500	0.0000000000
0.6872465341	40.0732078552	14483.2656250000	0.0000000000
0.6872523408	40.0761528015	14567.5419921875	0.0000000000
0.6872581247	40.0783424377	14595.5859375000	0.0000000000
0.6872639084	40.0792579651	14690.2685546875	0.0000000000
0.6872697153	40.0827369690	14891.3388671875	0.0000000000
0.6872754759	40.0819320679	14804.0234375000	0.0000000000
0.6872812594	40.0835113525	14562.1464843750	0.0000000000
0.6872870434	40.0885162354	14324.9052734375	0.0000000000
0.6872928501	40.0880432129	14491.1357421875	0.0000000000
0.6872986340	40.0859756470	14570.3378906250	0.0000000000
0.6873044175	40.0865173340	14578.5644531250	0.0000000000
0.6873102013	40.0846481323	14678.8017578125	0.0000000000
0.6873159850	40.0912399292	14833.5371093750	0.0000000000
0.6873217921	40.0904960632	14740.4648437500	0.0000000000
0.6873275525	40.0933761597	14474.6865234375	0.0000000000
0.6873333596	40.0900878906	14351.8750000000	0.0000000000
0.6873391433	40.0889549255	14423.8583984375	0.0000000000
0.6873449269	40.0911064148	14584.7021484375	0.0000000000
0.6873507106	40.0904693604	14630.5322265625	0.0000000000
0.6873564945	40.0960884094	14696.3535156250	0.0000000000
0.6873622781	40.0970535278	14792.8808593750	0.0000000000
0.6873680618	40.0937385559	14805.3505859375	0.0000000000
0.6873738687	40.0980415344	14500.2509765625	0.0000000000
0.6873796526	40.0982704163	14227.7050781250	0.0000000000
0.6873854364	40.0941505432	14438.5029296875	0.0000000000
0.6873912201	40.0953674316	14649.5751953125	0.0000000000
0.6873970036	40.0936813354	14655.4511718750	0.0000000000
0.6874027876	40.0875396729	14725.8916015625	0.0000000000
0.6874085713	40.0938796997	14813.8330078125	0.0000000000
0.6874143782	40.0893745422	14804.1376953125	0.0000000000
0.6874201619	40.0904273987	14488.5703125000	0.0000000000
0.6874259457	40.0886154175	14319.9580078125	0.0000000000
0.6874317294	40.0949554443	14471.2656250000	0.0000000000
0.6874375132	40.0915908813	14601.9169921875	0.0000000000
0.6874432967	40.0955314636	14614.5703125000	0.0000000000
0.6874491036	40.0968208313	14705.3164062500	0.0000000000
0.6874548873	40.0970382690	14822.0654296875	0.0000000000
0.6874606711	40.0942192078	14737.4208984375	0.0000000000
0.6874664550	40.0946083069	14421.2460937500	0.0000000000
0.6874722387	40.0950050354	14290.4404296875	0.0000000000
0.6874780225	40.0942001343	14426.7089843750	0.0000000000
0.6874838062	40.0923233032	14539.8242187500	0.0000000000
0.6874896129	40.0926399231	14619.6005859375	0.0000000000
0.6874953966	40.0891723633	14661.9414062500	0.0000000000
0.6875011804	40.0929336548	14749.4384765625	0.0000000000
0.6875069641	40.0889129639	14752.1337890625	0.0000000000
0.6875127481	40.0985755920	14494.4892578125	0.0000000000
0.6875185316	40.0989036560	14284.2636718750	0.0000000000
0.6875243153	40.0972671509	14390.8281250000	0.0000000000
0.6875301222	40.1006698608	14528.3994140625	0.0000000000
0.6875359062	40.1019287109	14570.3544921875	0.0000000000
0.6875416897	40.1037559509	14616.7431640625	0.0000000000
0.6875474734	40.1006965637	14780.8691406250	0.0000000000
0.6875532575	40.1013183594	14709.0986328125	0.0000000000
0.6875590411	40.1010971069	14385.1113281250	0.0000000000
0.6875648248	40.1011886597	14223.8310546875	0.0000000000
0.6875706315	40.1017303467	14325.2861328125	0.0000000000
0.6875764153	40.1020622253	14413.8886718750	0.0000000000
0.6875821990	40.1041145325	14549.9101562500	0.0000000000
0.6875879829	40.1000823975	14600.0947265625	0.0000000000
0.6875937667	40.1001586914	14723.7734375000	0.0000000000
0.6875995504	40.1051673889	14657.3339843750	0.0000000000
0.6876053339	40.1070556641	14402.9492187500	0.0000000000
0.6876111408	40.1047286987	14267.4521484375	0.0000000000
0.6876169246	40.1058311462	14328.5927734375	0.0000000000
0.6876227085	40.1066856384	14435.8857421875	0.0000000000
0.6876284920	40.1027259827	14594.4287109375	0.0000000000
0.6876342760	40.1049423218	14505.6201171875	0.0000000000
0.6876400597	40.1009826660	14694.5888671875	0.0000000000
0.6876458433	40.0973892212	14583.0351562500	0.0000000000
0.6876516501	40.0995025635	14375.5771484375	0.0000000000
0.6876574339	40.1004524231	14222.8935546875	0.0000000000
0.6876632176	40.1029205322	14245.7978515625	0.0000000000
0.6876690014	40.0990943909	14440.8457031250	0.0000000000
0.6876747853	40.0996551514	14446.8750000000	0.0000000000
0.6876805688	40.0938148499	14551.0234375000	0.0000000000
0.6876863526	40.1004295349	14644.6445312500	0.0000000000
0.6876921594	40.0943679810	14636.7529296875	0.0000000000
0.6876979432	40.0926971436	14357.3154296875	0.0000000000
0.6877037271	40.0946006775	14087.0468750000	0.0000000000
0.6877095109	40.0904350281	14312.1201171875	0.0000000000
0.6877152946	40.0883026123	14318.9345703125	0.0000000000
0.6877210784	40.0898437500	14401.8525390625	0.0000000000
0.6877268619	40.0968475342	14561.7529296875	0.0000000000
0.6877326690	40.0872344971	14545.6162109375	0.0000000000
0.6877384527	40.0935134888	14559.8779296875	0.0000000000
0.6877442364	40.0903587341	14287.7480468750	0.0000000000
0.6877500202	40.0933609009	14220.6796875000	0.0000000000
0.6877558037	40.0934867859	14195.4179687500	0.0000000000
0.6877615875	40.0956077576	14370.5800781250	0.0000000000
0.6877673712	40.0932044983	14438.8593750000	0.0000000000
0.6877731783	40.0907135010	14506.3925781250	0.0000000000
0.6877789620	40.0844306946	14663.3388671875	0.0000000000
0.6877847455	40.0765914917	14639.9707031250	0.0000000000
0.6877905295	40.0749740601	14279.9951171875	0.0000000000
0.6877963132	40.0708236694	14174.5859375000	0.0000000000
0.6878020968	40.0739974976	14253.7978515625	0.0000000000
0.6878078807	40.0698280334	14295.8828125000	0.0000000000
0.6878136876	40.0734634399	14488.3066406250	0.0000000000
0.6878194713	40.0712547302	14639.9023437500	0.0000000000
0.6878252551	40.0695686340	14749.4462890625	0.0000000000
0.6878310386	40.0665397644	14603.7167968750	0.0000000000
0.6878368226	40.0675163269	14384.5732421875	0.0000000000
0.6878426292	40.0644569397	14138.2763671875	0.0000000000
0.6878484132	40.0624732971	14365.1669921875	0.0000000000
0.6878541971	40.0637168884	14438.0830078125	0.0000000000
0.6878599812	40.0660896301	14553.2304687500	0.0000000000
0.6878657654	40.0646820068	14596.9345703125	0.0000000000
0.6878715726	40.0665893555	14743.6015625000	0.0000000000
0.6878773336	40.0739402771	14749.9833984375	0.0000000000
0.6878831178	40.0726852417	14463.8681640625	0.0000000000
0.6878889017	40.0740165710	14296.2363281250	0.0000000000
0.6878947091	40.0760345459	14399.8671875000	0.0000000000
0.6879004933	40.0764808655	14523.0781250000	0.0000000000
0.6879062788	40.0816612244	14765.6884765625	0.0000000000
0.6879120631	40.0825042725	14859.9443359375	0.0000000000
0.6879178702	40.0806159973	14860.0966796875	0.0000000000
0.6879236334	40.0861206055	14819.2900390625	0.0000000000
0.6879294175	40.0837745667	14640.9804687500	0.0000000000
0.6879352018	40.0809478760	14337.4785156250	0.0000000000
0.6879410089	40.0810890198	14531.3515625000	0.0000000000
0.6879467932	40.0820274353	14668.7021484375	0.0000000000
0.6879525772	40.0795593262	14649.0605468750	0.0000000000
0.6879583613	40.0792770386	14756.1943359375	0.0000000000
0.6879641456	40.0819587708	14868.6582031250	0.0000000000
0.6879699297	40.0828933716	14878.8281250000	0.0000000000
0.6879757137	40.0831146240	14551.4902343750	0.0000000000
0.6879815209	40.0777435303	14459.6376953125	0.0000000000
0.6879873053	40.0766448975	14534.3134765625	0.0000000000
0.6879930894	40.0798377991	14633.8769531250	0.0000000000
0.6879988964	40.0813407898	14913.2773437500	0.0000000000
0.6880046576	40.0662422180	14656.4257812500	0.0000000000
0.6880104418	40.0729827881	14756.9423828125	0.0000000000
0.6880162259	40.0818748474	14659.8945312500	0.0000000000
0.6880220330	40.0842247009	14309.8984375000	0.0000000000
0.6880278171	40.0836677551	14262.7451171875	0.0000000000
0.6880336012	40.0907211304	14244.2763671875	0.0000000000
0.6880393853	40.0945243835	14359.6562500000	0.0000000000
0.6880451697	40.0962448120	14466.5986328125	0.0000000000
0.6880509539	40.1005783081	14429.1074218750	0.0000000000
0.6880567379	40.0982894897	14649.9853515625	0.0000000000
0.6880625450	40.0991439819	14456.5585937500	0.0000000000
0.6880683291	40.1005363464	14333.6425781250	0.0000000000
0.6880741156	40.0976791382	14090.2412109375	0.0000000000
0.6880798999	40.1017837524	14242.0000000000	0.0000000000
0.6880856839	40.1035270691	14344.7968750000	0.0000000000
0.6880914682	40.1021232605	14408.2089843750	0.0000000000
0.6880972523	40.1049041748	14479.1757812500	0.0000000000
0.6881030594	40.1041030884	14669.9921875000	0.0000000000
0.6881088435	40.1066932678	14620.7246093750	0.0000000000
0.6881146276	40.1043624878	14180.0205078125	0.0000000000
0.6881204118	40.1020126343	14013.8964843750	0.0000000000
0.6881261959	40.1052780151	14219.8505859375	0.0000000000
0.6881319800	40.1044960022	14320.8535156250	0.0000000000
0.6881377642	40.1060523987	14412.8378906250	0.0000000000
0.6881435714	40.1074142456	14477.6640625000	0.0000000000
0.6881493556	40.1141777039	14549.3779296875	0.0000000000
0.6881551397	40.1092605591	14533.2060546875	0.0000000000
0.6881609238	40.1049804688	14294.7470703125	0.0000000000
0.6881667079	40.1059913635	14189.8232421875	0.0000000000
0.6881724921	40.1047439575	14215.0937500000	0.0000000000
0.6881782764	40.1032981873	14304.4765625000	0.0000000000
0.6881840835	40.1064682007	14408.8876953125	0.0000000000
0.6881898676	40.0975303650	14476.0458984375	0.0000000000
0.6881956517	40.1039924622	14573.0615234375	0.0000000000
0.6882014590	40.1026268005	14539.8261718750	0.0000000000
0.6882072200	40.1023902893	14312.7070312500	0.0000000000
0.6882130043	40.1038246155	14124.3857421875	0.0000000000
0.6882187882	40.1049575806	14171.1328125000	0.0000000000
0.6882245955	40.1084785461	14307.4443359375	0.0000000000
0.6882303796	40.0975112915	14399.4003906250	0.0000000000
0.6882361640	40.1062965393	14478.1044921875	0.0000000000
0.6882419479	40.1079864502	14651.5097656250	0.0000000000
0.6882477320	40.1088485718	14626.3837890625	0.0000000000
0.6882535161	40.1108741760	14298.8027343750	0.0000000000
0.6882593003	40.1081466675	14073.7236328125	0.0000000000
0.6882651075	40.1077995300	14157.6240234375	0.0000000000
0.6882708917	40.1086311340	14301.7158203125	0.0000000000
0.6882766760	40.1112442017	14317.6738281250	0.0000000000
0.6882824599	40.1087417603	14513.6933593750	0.0000000000
0.6882882480	40.1062202454	14667.6337890625	0.0000000000
0.6882940321	40.1110839844	14691.3603515625	0.0000000000
0.6882998162	40.1158599854	14380.2832031250	0.0000000000
0.6883056003	40.1167449951	14222.0664062500	0.0000000000
0.6883114076	40.1112899780	14298.4433593750	0.0000000000
0.6883171917	40.1136474609	14421.1630859375	0.0000000000
0.6883229757	40.1175003052	14553.9921875000	0.0000000000
0.6883287598	40.1075897217	14607.4033203125	0.0000000000
0.6883345439	40.1136283875	14791.1835937500	0.0000000000
0.6883403280	40.1123733521	14847.1884765625	0.0000000000
0.6883461122	40.1164932251	14594.1425781250	0.0000000000
0.6883519194	40.1130638123	14484.3271484375	0.0000000000
0.6883577038	40.1155700684	14771.6201171875	0.0000000000
0.6883634879	40.1173324585	14753.1298828125	0.0000000000
0.6883692718	40.1131286621	14811.0751953125	0.0000000000
0.6883750559	40.1154670715	14933.6103515625	0.0000000000
0.6883808401	40.1195487976	15000.8486328125	0.0000000000
0.6883866242	40.1182861328	15077.5351562500	0.0000000000
0.6883924317	40.1074066162	14754.4863281250	0.0000000000
0.6883982158	40.1114387512	14480.5585937500	0.0000000000
0.6884039999	40.1119003296	14658.2207031250	0.0000000000
0.6884097841	40.1157112122	14784.1142578125	0.0000000000
0.6884155682	40.1152000427	14794.8750000000	0.0000000000
0.6884213521	40.1151504517	14791.8886718750	0.0000000000
0.6884271362	40.1079330444	15028.9677734375	0.0000000000
0.6884329437	40.1097145081	15052.7675781250	0.0000000000
0.6884387276	40.1171684265	14734.0771484375	0.0000000000
0.6884445120	40.1170158386	14602.3593750000	0.0000000000
0.6884502961	40.1116333008	14588.9316406250	0.0000000000
0.6884560800	40.1132812500	14803.8681640625	0.0000000000
0.6884618641	40.1146163940	14849.8974609375	0.0000000000
0.6884676483	40.1139488220	14933.9218750000	0.0000000000
0.6884734557	40.1181640625	14992.3349609375	0.0000000000
0.6884792399	40.1150207520	15031.8945312500	0.0000000000
0.6884850238	40.1157379150	14847.1250000000	0.0000000000
0.6884908311	40.1193084717	14433.5615234375	0.0000000000
0.6884965923	40.1139678955	14574.7275390625	0.0000000000
0.6885023993	40.1131362915	14886.8613281250	0.0000000000
0.6885081603	40.1143531799	14845.5429687500	0.0000000000
0.6885139678	40.1123428345	14883.0371093750	0.0000000000
0.6885197519	40.1130638123	14950.7255859375	0.0000000000
0.6885255360	40.1155776978	15084.1787109375	0.0000000000
0.6885313200	40.1150398254	14858.8134765625	0.0000000000
0.6885371043	40.1172943115	14518.8349609375	0.0000000000
0.6885428884	40.1214141846	14613.2167968750	0.0000000000
0.6885486726	40.1145439148	14782.6250000000	0.0000000000
0.6885544798	40.1183128357	14724.8134765625	0.0000000000
0.6885602639	40.1221351624	14779.8525390625	0.0000000000
0.6885660481	40.1144027710	14887.3486328125	0.0000000000
0.6885718322	40.1178588867	15053.0439453125	0.0000000000
0.6885776163	40.1205444336	14727.0449218750	0.0000000000
0.6885834005	40.1167945862	14495.3496093750	0.0000000000
0.6885892075	40.1221199036	14424.7080078125	0.0000000000
0.6885949916	40.1198501587	14641.9638671875	0.0000000000
0.6886007758	40.1223411560	14758.5419921875	0.0000000000
0.6886065599	40.1188926697	14646.4824218750	0.0000000000
0.6886123440	40.1160774231	14929.6220703125	0.0000000000
0.6886181282	40.1184158325	14892.8662109375	0.0000000000
0.6886239123	40.1134681702	14782.3701171875	0.0000000000
0.6886297195	40.1234283447	14393.3291015625	0.0000000000
0.6886355039	40.1155853271	14393.6328125000	0.0000000000
0.6886412878	40.1152267456	14691.0634765625	0.0000000000
0.6886470719	40.1115875244	14600.0097656250	0.0000000000
0.6886528561	40.1157226563	14729.0429687500	0.0000000000
0.6886586404	40.1144065857	14903.9931640625	0.0000000000
0.6886644245	40.1119041443	14909.7714843750	0.0000000000
0.6886702316	40.1160087585	14703.2626953125	0.0000000000
0.6886760159	40.1097450256	14343.3837890625	0.0000000000
0.6886818001	40.1115493774	14495.0927734375	0.0000000000
0.6886875842	40.1111679077	14532.8359375000	0.0000000000
0.6886933681	40.1126403809	14660.0429687500	0.0000000000
0.6886991754	40.1102371216	14689.1708984375	0.0000000000
0.6887049366	40.1143646240	14869.3632812500	0.0000000000
0.6887107436	40.1106643677	14903.7431640625	0.0000000000
0.6887165277	40.1108322144	14655.3144531250	0.0000000000
0.6887223121	40.1088752747	14478.8886718750	0.0000000000
0.6887280962	40.1044807434	14414.7207031250	0.0000000000
0.6887338803	40.1064949036	14583.8056640625	0.0000000000
0.6887396643	40.1046638489	14636.0117187500	0.0000000000
0.6887454484	40.1006355286	14688.2216796875	0.0000000000
0.6887512559	40.1032524109	14897.0253906250	0.0000000000
0.6887570400	40.1031074524	14879.6181640625	0.0000000000
0.6887628241	40.1000556946	14729.8857421875	0.0000000000
0.6887686082	40.0985374451	14361.0068359375	0.0000000000
0.6887743924	40.0962486267	14368.2685546875	0.0000000000
0.6887801765	40.1000671387	14656.6250000000	0.0000000000
0.6887859604	40.0991516113	14651.3906250000	0.0000000000
0.6887917677	40.0946159363	14711.0312500000	0.0000000000
0.6887975520	40.1015357971	14851.6376953125	0.0000000000
0.6888033359	40.0966835022	14990.4130859375	0.0000000000
0.6888091203	40.0962600708	14861.0986328125	0.0000000000
0.6888149044	40.0930061340	14468.4746093750	0.0000000000
0.6888206885	40.0963096619	14513.0917968750	0.0000000000
0.6888264727	40.0970611572	14652.6718750000	0.0000000000
0.6888322799	40.0961570740	14692.6650390625	0.0000000000
0.6888380641	40.0893974304	14794.2236328125	0.0000000000
0.6888438482	40.0960464478	14839.2783203125	0.0000000000
0.6888496323	40.0934295654	15051.1474609375	0.0000000000
0.6888554164	40.0933036804	14780.5097656250	0.0000000000
0.6888612006	40.0886726379	14510.1855468750	0.0000000000
0.6888669847	40.0946388245	14496.4052734375	0.0000000000
0.6888727918	40.0918884277	14692.2392578125	0.0000000000
0.6888785761	40.0948410034	14749.6660156250	0.0000000000
0.6888843602	40.0909881592	14737.4580078125	0.0000000000
0.6888901675	40.0962333679	14879.4980468750	0.0000000000
0.6888959285	40.0934219360	14973.4199218750	0.0000000000
0.6889017126	40.0921134949	14887.8164062500	0.0000000000
0.6889074967	40.0935745239	14452.5810546875	0.0000000000
0.6889133038	40.0938453674	14464.4531250000	0.0000000000
0.6889190879	40.1004753113	14688.4824218750	0.0000000000
0.6889248723	40.0940704346	14753.7832031250	0.0000000000
0.6889306564	40.0937423706	14770.4179687500	0.0000000000
0.6889364634	40.0952758789	14845.7255859375	0.0000000000
0.6889422246	40.0878639221	14956.9921875000	0.0000000000
0.6889480317	40.0876121521	14699.2900390625	0.0000000000
0.6889538158	40.0917282104	14458.0820312500	0.0000000000
0.6889596000	40.0844039917	14539.1708984375	0.0000000000
0.6889653843	40.0867843628	14662.4238281250	0.0000000000
0.6889711682	40.0909805298	14719.9277343750	0.0000000000
0.6889769523	40.0839576721	14825.3378906250	0.0000000000
0.6889827365	40.0847320557	14852.3232421875	0.0000000000
0.6889885206	40.0880432129	14953.6123046875	0.0000000000
0.6889943281	40.0889129639	14789.8330078125	0.0000000000
0.6890001122	40.0891418457	14576.1103515625	0.0000000000
0.6890058961	40.0880813599	14473.0976562500	0.0000000000
0.6890116805	40.0911560059	14592.3271484375	0.0000000000
0.6890174646	40.0860519409	14814.0410156250	0.0000000000
0.6890232487	40.0885696411	14674.6318359375	0.0000000000
0.6890290328	40.0913009644	14911.8037109375	0.0000000000
0.6890348399	40.0871276855	14968.7656250000	0.0000000000
0.6890406240	40.0924301147	14857.5693359375	0.0000000000
0.6890464082	40.0883483887	14526.5615234375	0.0000000000
0.6890522156	40.0858802795	14377.3623046875	0.0000000000
0.6890579766	40.0859031677	14636.3945312500	0.0000000000
0.6890637605	40.0827369690	14743.4677734375	0.0000000000
0.6890695447	40.0842094421	14797.5009765625	0.0000000000
0.6890753521	40.0826606750	14845.5195312500	0.0000000000
0.6890811363	40.0887794495	14988.0322265625	0.0000000000
0.6890869202	40.0879096985	14905.9892578125	0.0000000000
0.6890927275	40.0861282349	14477.1816406250	0.0000000000
0.6890984884	40.0865936279	14593.3496093750	0.0000000000
0.6891042728	40.0895652771	14651.4697265625	0.0000000000
0.6891100798	40.0918350220	14743.0175781250	0.0000000000
0.6891158642	40.0884475708	14834.2324218750	0.0000000000
0.6891216483	40.0861320496	14882.3505859375	0.0000000000
0.6891274324	40.0892333984	15032.0390625000	0.0000000000
0.6891332166	40.0909309387	14931.5517578125	0.0000000000
0.6891390238	40.0893707275	14598.9765625000	0.0000000000
0.6891447848	40.0843696594	14493.5742187500	0.0000000000
0.6891505919	40.0877075195	14673.6142578125	0.0000000000
0.6891563762	40.0889816284	14798.7734375000	0.0000000000
0.6891621601	40.0919494629	14741.1914062500	0.0000000000
0.6891679445	40.0913505554	14903.1064453125	0.0000000000
0.6891737286	40.0900993347	15114.9238281250	0.0000000000
0.6891795127	40.0918540955	14845.2578125000	0.0000000000
0.6891852966	40.0897750854	14503.5908203125	0.0000000000
0.6891911041	40.0913619995	14455.6093750000	0.0000000000
0.6891968882	40.0918807983	14574.0498046875	0.0000000000
0.6892026724	40.0904731750	14645.1708984375	0.0000000000
0.6892084565	40.0874061584	14698.0400390625	0.0000000000
0.6892142404	40.0816917419	14820.4248046875	0.0000000000
0.6892200245	40.0747261047	14950.7792968750	0.0000000000
0.6892258320	40.0734786987	14781.2089843750	0.0000000000
0.6892316161	40.0644416809	14474.0439453125	0.0000000000
0.6892374003	40.0612983704	14390.5585937500	0.0000000000
0.6892431844	40.0629425049	14591.5175781250	0.0000000000
0.6892489685	40.0562782288	14827.8447265625	0.0000000000
0.6892547524	40.0578231812	14619.8359375000	0.0000000000
0.6892605368	40.0472984314	14657.7216796875	0.0000000000
0.6892663207	40.0592575073	14805.0068359375	0.0000000000
0.6892721280	40.0449142456	14911.0429687500	0.0000000000
0.6892779121	40.0501747131	14405.4150390625	0.0000000000
0.6892836962	40.0496406555	14384.1093750000	0.0000000000
0.6892894804	40.0502471924	14363.8476562500	0.0000000000
0.6892952647	40.0498390198	14648.1503906250	0.0000000000
0.6893010488	40.0518226624	14571.7509765625	0.0000000000
0.6893068327	40.0493850708	14723.5234375000	0.0000000000
0.6893126400	40.0459213257	14887.6093750000	0.0000000000
0.6893184241	40.0432128906	14672.9658203125	0.0000000000
0.6893242085	40.0431518555	14435.9091796875	0.0000000000
0.6893299926	40.0413017273	14288.1982421875	0.0000000000
0.6893357767	40.0446243286	14539.1279296875	0.0000000000
0.6893415607	40.0467567444	14665.1621093750	0.0000000000
0.6893473448	40.0471916199	14631.1035156250	0.0000000000
0.6893531520	40.0489578247	14684.7753906250	0.0000000000
0.6893589364	40.0510444641	14864.6796875000	0.0000000000
0.6893647205	40.0514259338	14694.1923828125	0.0000000000
0.6893705276	40.0494613647	14388.4541015625	0.0000000000
0.6893762886	40.0524330139	14437.8173828125	0.0000000000
0.6893820729	40.0533599854	14483.2880859375	0.0000000000
0.6893878570	40.0508499146	14617.5839843750	0.0000000000
0.6893936643	40.0545349121	14616.2070312500	0.0000000000
0.6893994482	40.0555305481	14728.4599609375	0.0000000000
0.6894052323	40.0589599609	14842.7451171875	0.0000000000
0.6894110398	40.0526275635	14718.8828125000	0.0000000000
0.6894168008	40.0576553345	14398.9121093750	0.0000000000
0.6894225847	40.0528373718	14268.7617187500	0.0000000000
0.6894283688	40.0464477539	14489.3017578125	0.0000000000
0.6894341763	40.0534858704	14601.9492187500	0.0000000000
0.6894399602	40.0555343628	14657.0136718750	0.0000000000
0.6894457446	40.0551300049	14736.3183593750	0.0000000000
0.6894515519	40.0547218323	14880.6835937500	0.0000000000
0.6894573360	40.0485038757	14779.9306640625	0.0000000000
0.6894630970	40.0506248474	14447.7597656250	0.0000000000
0.6894688811	40.0530395508	14273.5078125000	0.0000000000
0.6894746884	40.0546569824	14559.5019531250	0.0000000000
0.6894804725	40.0513076782	14582.0742187500	0.0000000000
0.6894862566	40.0574150085	14650.2373046875	0.0000000000
0.6894920405	40.0481643677	14782.0166015625	0.0000000000
0.6894978249	40.0507545471	14866.7470703125	0.0000000000
0.6895036088	40.0506973267	14815.7568359375	0.0000000000
0.6895093931	40.0585823059	14543.5273437500	0.0000000000
0.6895152004	40.0548210144	14472.3095703125	0.0000000000
0.6895209845	40.0518150330	14553.5742187500	0.0000000000
0.6895267687	40.0539512634	14719.9765625000	0.0000000000
0.6895325526	40.0595054626	14760.7763671875	0.0000000000
0.6895383367	40.0571060181	14907.9111328125	0.0000000000
0.6895441210	40.0483169556	14992.5478515625	0.0000000000
0.6895499052	40.0527191162	14890.0888671875	0.0000000000
0.6895557122	40.0488929749	14544.7910156250	0.0000000000
0.6895614963	40.0510559082	14386.4609375000	0.0000000000
0.6895672805	40.0528411865	14551.2080078125	0.0000000000
0.6895730648	40.0546226501	14699.4238281250	0.0000000000
0.6895788489	40.0506706238	14724.4296875000	0.0000000000
0.6895846329	40.0526123047	14880.4316406250	0.0000000000
0.6895904170	40.0506019592	14901.5947265625	0.0000000000
0.6895962245	40.0319786072	14835.2050781250	0.0000000000
0.6896020084	40.0532073975	14475.6914062500	0.0000000000
0.6896077925	40.0581054688	14323.6162109375	0.0000000000
0.6896135768	40.0545310974	14613.5214843750	0.0000000000
0.6896193610	40.0520820618	14644.7832031250	0.0000000000
0.6896251451	40.0589523315	14688.8193359375	0.0000000000
0.6896309292	40.0635452271	14778.3281250000	0.0000000000
0.6896367363	40.0620918274	14941.7500000000	0.0000000000
0.6896425206	40.0534172058	14788.4785156250	0.0000000000
0.6896483045	40.0592002869	14425.8496093750	0.0000000000
0.6896540889	40.0589942932	14385.9257812500	0.0000000000
0.6896598730	40.0606040955	14457.9902343750	0.0000000000
0.6896656571	40.0615005493	14690.9941406250	0.0000000000
0.6896714413	40.0579795837	14722.8427734375	0.0000000000
0.6896772485	40.0621376038	14693.0195312500	0.0000000000
0.6896830327	40.0505523682	14879.4443359375	0.0000000000
0.6896888166	40.0579681396	14836.9912109375	0.0000000000
0.6896946009	40.0577926636	14523.2636718750	0.0000000000
0.6897003848	40.0559043884	14346.2285156250	0.0000000000
0.6897061690	40.0596809387	14458.9072265625	0.0000000000
0.6897119762	40.0586433411	14640.8779296875	0.0000000000
0.6897177604	40.0632133484	14601.1347656250	0.0000000000
0.6897235445	40.0568618774	14750.0410156250	0.0000000000
0.6897293288	40.0601768494	14909.4384765625	0.0000000000
0.6897351130	40.0608100891	14804.8984375000	0.0000000000
0.6897408971	40.0610351563	14458.0976562500	0.0000000000
0.6897466810	40.0634689331	14323.4687500000	0.0000000000
0.6897524883	40.0652008057	14544.0830078125	0.0000000000
0.6897582724	40.0651931763	14587.2099609375	0.0000000000
0.6897640567	40.0647926331	14624.0253906250	0.0000000000
0.6897698409	40.0610351563	14729.6074218750	0.0000000000
0.6897756250	40.0697517395	14846.3613281250	0.0000000000
0.6897814089	40.0633125305	14711.9023437500	0.0000000000
0.6897871930	40.0643463135	14443.8222656250	0.0000000000
0.6897930003	40.0634460449	14405.9472656250	0.0000000000
0.6897987844	40.0624351501	14431.4287109375	0.0000000000
0.6898045686	40.0625534058	14579.7294921875	0.0000000000
0.6898103527	40.0703201294	14690.1474609375	0.0000000000
0.6898161370	40.0645141602	14729.6269531250	0.0000000000
0.6898219212	40.0648994446	14873.9599609375	0.0000000000
0.6898277051	40.0640106201	14819.5830078125	0.0000000000
0.6898335123	40.0640411377	14450.2363281250	0.0000000000
0.6898392965	40.0697631836	14353.5585937500	0.0000000000
0.6898450806	40.0651016235	14418.8964843750	0.0000000000
0.6898508649	40.0643424988	14561.3203125000	0.0000000000
0.6898566491	40.0556030273	14563.2402343750	0.0000000000
0.6898624330	40.0666465759	14710.7412109375	0.0000000000
0.6898682173	40.0590858459	14849.6416015625	0.0000000000
0.6898740244	40.0622444153	14688.2617187500	0.0000000000
0.6898798087	40.0630683899	14447.6015625000	0.0000000000
0.6898855928	40.0491905212	14207.9013671875	0.0000000000
0.6898913770	40.0638313293	14453.8232421875	0.0000000000
0.6898971609	40.0658340454	14550.3417968750	0.0000000000
0.6899029452	40.0665931702	14612.0820312500	0.0000000000
0.6899087293	40.0634346008	14775.1318359375	0.0000000000
0.6899145364	40.0624427795	14859.7041015625	0.0000000000
0.6899203208	40.0683212280	14804.9609375000	0.0000000000
0.6899261047	40.0654716492	14446.1767578125	0.0000000000
0.6899318890	40.0685501099	14378.8134765625	0.0000000000
0.6899376729	40.0754051208	14441.5019531250	0.0000000000
0.6899434570	40.0739440918	14602.6289062500	0.0000000000
0.6899492412	40.0712699890	14614.5019531250	0.0000000000
0.6899550484	40.0759506226	14802.5087890625	0.0000000000
0.6899608326	40.0740356445	14827.2832031250	0.0000000000
0.6899666167	40.0756912231	14754.0615234375	0.0000000000
0.6899724010	40.0764350891	14513.1943359375	0.0000000000
0.6899782083	40.0760078430	14334.5546875000	0.0000000000
0.6899839693	40.0738868713	14498.1552734375	0.0000000000
0.6899897532	40.0781478882	14694.0078125000	0.0000000000
0.6899955605	40.0734710693	14654.6298828125	0.0000000000
0.6900013448	40.0715713501	14800.4462890625	0.0000000000
0.6900071289	40.0744552612	14941.1396484375	0.0000000000
0.6900129129	40.0761795044	14777.4550781250	0.0000000000
0.6900186972	40.0729370117	14444.4062500000	0.0000000000
0.6900244813	40.0768699646	14378.5517578125	0.0000000000
0.6900302655	40.0774269104	14539.2421875000	0.0000000000
0.6900360725	40.0762443542	14654.9794921875	0.0000000000
0.6900418566	40.0774726868	14669.0712890625	0.0000000000
0.6900476410	40.0714454651	14725.3740234375	0.0000000000
0.6900534249	40.0762481689	14904.4531250000	0.0000000000
0.6900592322	40.0780487061	14769.9072265625	0.0000000000
0.6900649932	40.0811500549	14321.4462890625	0.0000000000
0.6900708004	40.0782165527	14394.2802734375	0.0000000000
0.6900765848	40.0740890503	14524.0712890625	0.0000000000
0.6900823687	40.0780105591	14610.6923828125	0.0000000000
0.6900881528	40.0762023926	14599.6054687500	0.0000000000
0.6900939371	40.0807151794	14777.5498046875	0.0000000000
0.6900997211	40.0782546997	14850.2099609375	0.0000000000
0.6901055052	40.0814781189	14732.9023437500	0.0000000000
0.6901112895	40.0788192749	14458.0253906250	0.0000000000
0.6901170966	40.0810050964	14275.1289062500	0.0000000000
0.6901228809	40.0859031677	14435.6513671875	0.0000000000
0.6901286648	40.0857772827	14563.0634765625	0.0000000000
0.6901344490	40.0825576782	14554.9980468750	0.0000000000
0.6901402333	40.0842323303	14694.9814453125	0.0000000000
0.6901460172	40.0775108337	14806.4833984375	0.0000000000
0.6901518245	40.0870704651	14743.4335937500	0.0000000000
0.6901576086	40.0876350403	14497.5136718750	0.0000000000
0.6901633929	40.0920906067	14284.9062500000	0.0000000000
0.6901691769	40.0845947266	14411.4306640625	0.0000000000
0.6901749612	40.0890350342	14551.8457031250	0.0000000000
0.6901807454	40.0843276978	14627.3974609375	0.0000000000
0.6901865295	40.0875778198	14751.8105468750	0.0000000000
0.6901923134	40.0838203430	14809.8662109375	0.0000000000
0.6901981206	40.0829162598	14777.9062500000	0.0000000000
0.6902039050	40.0849151611	14476.0000000000	0.0000000000
0.6902096889	40.0862693787	14331.4287109375	0.0000000000
0.6902154730	40.0901145935	14475.6308593750	0.0000000000
0.6902212574	40.0861015320	14624.1083984375	0.0000000000
0.6902270415	40.0847473145	14672.7167968750	0.0000000000
0.6902328486	40.0878791809	14689.1826171875	0.0000000000
0.6902386329	40.0858726501	14897.7744140625	0.0000000000
0.6902444168	40.0816268921	14769.4853515625	0.0000000000
0.6902502009	40.0861358643	14528.6103515625	0.0000000000
0.6902559851	40.0844879150	14350.8798828125	0.0000000000
0.6902617694	40.0830535889	14457.4843750000	0.0000000000
0.6902675533	40.0867385864	14637.0673828125	0.0000000000
0.6902733608	40.0839767456	14662.6982421875	0.0000000000
0.6902791447	40.0866279602	14764.8593750000	0.0000000000
0.6902849291	40.0844001770	14857.8984375000	0.0000000000
0.6902907132	40.0839309692	14786.1728515625	0.0000000000
0.6902964971	40.0866737366	14466.8994140625	0.0000000000
0.6903022812	40.0860519409	14313.3417968750	0.0000000000
0.6903080656	40.0832901001	14471.2822265625	0.0000000000
0.6903138728	40.0845718384	14512.7246093750	0.0000000000
0.6903196568	40.0841712952	14651.7216796875	0.0000000000
0.6903254409	40.0901908875	14732.2763671875	0.0000000000
0.6903312252	40.0885772705	14833.2207031250	0.0000000000
0.6903370094	40.0895042419	14800.9091796875	0.0000000000
0.6903427935	40.0871887207	14425.0947265625	0.0000000000
0.6903486007	40.0865097046	14431.9189453125	0.0000000000
0.6903543847	40.0900611877	14453.9121093750	0.0000000000
0.6903601690	40.0894241333	14592.0234375000	0.0000000000
0.6903659531	40.0922622681	14673.1552734375	0.0000000000
0.6903717373	40.0950622559	14713.0673828125	0.0000000000
0.6903775445	40.0944061279	14783.3593750000	0.0000000000
0.6903833053	40.0967559814	14708.4375000000	0.0000000000
0.6903890896	40.0967750549	14534.0966796875	0.0000000000
0.6903948967	40.1010627747	14257.8505859375	0.0000000000
0.6904006810	40.0982475281	14464.4013671875	0.0000000000
0.6904064649	40.0920066833	14592.3828125000	0.0000000000
0.6904122493	40.0947952271	14587.1904296875	0.0000000000
0.6904180334	40.0979309082	14622.7753906250	0.0000000000
0.6904238173	40.0996704102	14768.7011718750	0.0000000000
0.6904296015	40.1007766724	14743.4287109375	0.0000000000
0.6904354089	40.0999221802	14479.1982421875	0.0000000000
0.6904411929	40.0970153809	14169.5527343750	0.0000000000
0.6904469772	40.0983161926	14332.2939453125	0.0000000000
0.6904527613	40.0975112915	14427.3867187500	0.0000000000
0.6904585452	40.0963478088	14662.1044921875	0.0000000000
0.6904643294	40.0994186401	14722.3037109375	0.0000000000
0.6904701135	40.0972747803	14886.9345703125	0.0000000000
0.6904759208	40.0971641541	14894.6767578125	0.0000000000
0.6904817049	40.0954093933	14284.6513671875	0.0000000000
0.6904874890	40.0957794189	14466.5556640625	0.0000000000
0.6904932732	40.0925636292	14373.3466796875	0.0000000000
0.6904990575	40.0969657898	14527.0937500000	0.0000000000
0.6905048416	40.0977287292	14723.7763671875	0.0000000000
0.6905106255	40.0969505310	14610.0966796875	0.0000000000
0.6905164328	40.0914726257	14898.9414062500	0.0000000000
0.6905222171	40.0964050293	14729.2841796875	0.0000000000
0.6905280011	40.0900459290	14588.1904296875	0.0000000000
0.6905338085	40.0853424072	14261.7626953125	0.0000000000
0.6905395695	40.0788345337	14395.8242187500	0.0000000000
0.6905453534	40.0770950317	14649.0175781250	0.0000000000
0.6905511376	40.0749130249	14633.1650390625	0.0000000000
0.6905569450	40.0719947815	14767.4609375000	0.0000000000
0.6905627292	40.0735664368	14847.7656250000	0.0000000000
0.6905685133	40.0704879761	14848.9707031250	0.0000000000
0.6905742974	40.0712471008	14627.7890625000	0.0000000000
0.6905800816	40.0732727051	14384.0781250000	0.0000000000
0.6905858655	40.0646553040	14517.8486328125	0.0000000000
0.6905916730	40.0689468384	14645.1328125000	0.0000000000
0.6905974571	40.0746498108	14694.4472656250	0.0000000000
0.6906032412	40.0690727234	14828.1767578125	0.0000000000
0.6906090253	40.0755043030	14948.0322265625	0.0000000000
0.6906148093	40.0751876831	14890.1308593750	0.0000000000
0.6906205934	40.0773010254	14598.3212890625	0.0000000000
0.6906263777	40.0786590576	14393.0449218750	0.0000000000
0.6906321618	40.0743331909	14461.9091796875	0.0000000000
0.6906379691	40.0766944885	14664.5634765625	0.0000000000
0.6906437530	40.0856971741	14722.6669921875	0.0000000000
0.6906495372	40.0746040344	14717.6650390625	0.0000000000
0.6906553444	40.0873565674	14876.9140625000	0.0000000000
0.6906611056	40.0850601196	14786.5283203125	0.0000000000
0.6906668895	40.0875205994	14658.5849609375	0.0000000000
0.6906726737	40.0827026367	14399.5976562500	0.0000000000
0.6906784812	40.0838470459	14480.8476562500	0.0000000000
0.6906842653	40.0908889771	14732.8417968750	0.0000000000
0.6906900492	40.0881271362	14639.2060546875	0.0000000000
0.6906958333	40.0948257446	14775.2675781250	0.0000000000
0.6907016175	40.0951232910	14912.7431640625	0.0000000000
0.6907074018	40.0959358215	14933.4121093750	0.0000000000
0.6907131857	40.0980300903	14671.9062500000	0.0000000000
0.6907189930	40.0953979492	14465.4472656250	0.0000000000
0.6907247771	40.0938110352	14555.1660156250	0.0000000000
0.6907305612	40.0995101929	14720.2275390625	0.0000000000
0.6907363456	40.1007423401	14731.6386718750	0.0000000000
0.6907421297	40.0968589783	14796.7441406250	0.0000000000
0.6907479136	40.1032104492	14963.4531250000	0.0000000000
0.6907537209	40.1036491394	15031.9316406250	0.0000000000
0.6907595050	40.1041336060	14730.1708984375	0.0000000000
0.6907652891	40.1000633240	14453.1132812500	0.0000000000
0.6907710733	40.1019325256	14510.1708984375	0.0000000000
0.6907768574	40.1005363464	14664.5263671875	0.0000000000
0.6907826649	40.1017379761	14800.6416015625	0.0000000000
0.6907884259	40.0939674377	14841.7734375000	0.0000000000
0.6907942329	40.1000747681	14925.2177734375	0.0000000000
0.6908000171	40.0945091248	14923.0166015625	0.0000000000
0.6908058014	40.0955505371	14709.9873046875	0.0000000000
0.6908115853	40.0944900513	14430.3476562500	0.0000000000
0.6908173696	40.0972938538	14557.5117187500	0.0000000000
0.6908231538	40.0988197327	14756.5732421875	0.0000000000
0.6908289401	40.1015739441	14723.8759765625	0.0000000000
0.6908347242	40.0985336304	14783.8330078125	0.0000000000
0.6908405313	40.0999221802	14991.9707031250	0.0000000000
0.6908463154	40.0992088318	14935.8398437500	0.0000000000
0.6908520995	40.1006736755	14711.9345703125	0.0000000000
0.6908578836	40.0982246399	14467.1083984375	0.0000000000
0.6908636909	40.1047821045	14547.1132812500	0.0000000000
0.6908694519	40.1009788513	14756.3261718750	0.0000000000
0.6908752360	40.1025085449	14777.7148437500	0.0000000000
0.6908810433	40.1005325317	14811.7851562500	0.0000000000
0.6908868274	40.1048927307	14980.2441406250	0.0000000000
0.6908926115	40.1017379761	15031.2900390625	0.0000000000
0.6908983957	40.1006469727	14749.1630859375	0.0000000000
0.6909041800	40.1051368713	14524.0478515625	0.0000000000
0.6909099639	40.1018981934	14462.3505859375	0.0000000000
0.6909157481	40.1031532288	14727.8222656250	0.0000000000
0.6909215553	40.0998649597	14784.7304687500	0.0000000000
0.6909273394	40.0987434387	14749.3408203125	0.0000000000
0.6909331236	40.1057090759	14953.1455078125	0.0000000000
0.6909389077	40.0985946655	14934.0634765625	0.0000000000
0.6909446921	40.1041221619	14726.5449218750	0.0000000000
0.6909504760	40.1036033630	14437.6289062500	0.0000000000
0.6909562601	40.1013336182	14421.1503906250	0.0000000000
0.6909620674	40.1000061035	14644.3144531250	0.0000000000
0.6909678515	40.1037940979	14709.9013671875	0.0000000000
0.6909736356	40.1011047363	14705.8232421875	0.0000000000
0.6909794197	40.0986480713	14824.7470703125	0.0000000000
0.6909852041	40.1020507813	14872.0029296875	0.0000000000
0.6909909882	40.1018028259	14561.9228515625	0.0000000000
0.6909967721	40.1029548645	14374.5488281250	0.0000000000
0.6910025794	40.1081390381	14423.3115234375	0.0000000000
0.6910083635	40.1042327881	14567.2626953125	0.0000000000
0.6910141476	40.1128654480	14690.5400390625	0.0000000000
0.6910199320	40.1067924500	14752.8457031250	0.0000000000
0.6910257159	40.1080474854	14806.1220703125	0.0000000000
0.6910315000	40.1130142212	14856.9296875000	0.0000000000
0.6910372842	40.1042175293	14622.5058593750	0.0000000000
0.6910430914	40.1144027710	14387.2373046875	0.0000000000
0.6910488756	40.1110725403	14435.5146484375	0.0000000000
0.6910546597	40.1178932190	14616.4814453125	0.0000000000
0.6910604438	40.1176338196	14652.3115234375	0.0000000000
0.6910662282	40.1203308105	14623.3837890625	0.0000000000
0.6910720121	40.1157760620	14778.6201171875	0.0000000000
0.6910777962	40.1207580566	14779.3593750000	0.0000000000
0.6910836035	40.1223487854	14531.3906250000	0.0000000000
0.6910893876	40.1189117432	14313.4658203125	0.0000000000
0.6910951717	40.1289367676	14390.3710937500	0.0000000000
0.6911009558	40.1271095276	14491.1484375000	0.0000000000
0.6911067400	40.1286277771	14525.6416015625	0.0000000000
0.6911125241	40.1282005310	14573.2675781250	0.0000000000
0.6911183314	40.1243095398	14768.0644531250	0.0000000000
0.6911241155	40.1273307800	14804.7187500000	0.0000000000
0.6911298996	40.1264801025	14572.7988281250	0.0000000000
0.6911356838	40.1280822754	14417.9580078125	0.0000000000
0.6911414679	40.1284523010	14422.0791015625	0.0000000000
0.6911472520	40.1270523071	14587.3955078125	0.0000000000
0.6911530363	40.1256179810	14626.2451171875	0.0000000000
0.6911588224	40.1273880005	14696.0585937500	0.0000000000
0.6911646295	40.1255836487	14840.4707031250	0.0000000000
0.6911704138	40.1245155334	14869.1552734375	0.0000000000
0.6911761980	40.1278114319	14574.3925781250	0.0000000000
0.6911819821	40.1246337891	14343.8710937500	0.0000000000
0.6911877662	40.1254081726	14326.8828125000	0.0000000000
0.6911935501	40.1320037842	14518.4716796875	0.0000000000
0.6911993345	40.1280975342	14557.9843750000	0.0000000000
0.6912051415	40.1257476807	14687.0468750000	0.0000000000
0.6912109259	40.1279258728	14825.6416015625	0.0000000000
0.6912167098	40.1238670349	14834.5615234375	0.0000000000
0.6912224939	40.1255645752	14662.9345703125	0.0000000000
0.6912282783	40.1241302490	14357.7763671875	0.0000000000
0.6912340622	40.1292114258	14395.2050781250	0.0000000000
0.6912398463	40.1348075867	14680.6279296875	0.0000000000
0.6912456536	40.1306877136	14691.8457031250	0.0000000000
0.6912514379	40.1334609985	14705.2167968750	0.0000000000
0.6912572220	40.1363945007	14949.6347656250	0.0000000000
0.6912630062	40.1378288269	14927.6318359375	0.0000000000
0.6912687901	40.1340293884	14602.5654296875	0.0000000000
0.6912745742	40.1358375549	14372.0517578125	0.0000000000
0.6912803585	40.1349678040	14508.2187500000	0.0000000000
0.6912861658	40.1322898865	14622.5498046875	0.0000000000
0.6912919500	40.1301498413	14713.5771484375	0.0000000000
0.6912977339	40.1312446594	14763.3583984375	0.0000000000
0.6913035182	40.1298370361	14844.0761718750	0.0000000000
0.6913093023	40.1327781677	14882.2832031250	0.0000000000
0.6913150865	40.1315078735	14701.6660156250	0.0000000000
0.6913208706	40.1236991882	14484.5849609375	0.0000000000
0.6913266777	40.1272811890	14457.4355468750	0.0000000000
0.6913324616	40.1268806458	14577.5664062500	0.0000000000
0.6913382455	40.1258888245	14622.2148437500	0.0000000000
0.6913440294	40.1232070923	14651.2968750000	0.0000000000
0.6913498132	40.1261253357	14859.5234375000	0.0000000000
0.6913555969	40.1241607666	14765.1943359375	0.0000000000
0.6913613809	40.1219673157	14638.3105468750	0.0000000000
0.6913671880	40.1201057434	14367.2041015625	0.0000000000
0.6913729717	40.1222496033	14452.7744140625	0.0000000000
0.6913787555	40.1205902100	14622.5771484375	0.0000000000
0.6913845394	40.1204261780	14581.6191406250	0.0000000000
0.6913903466	40.1176834106	14627.1669921875	0.0000000000
0.6913961072	40.1227226257	14791.9931640625	0.0000000000
0.6914018910	40.1252670288	14901.7080078125	0.0000000000
0.6914076981	40.1182365417	14619.9414062500	0.0000000000
0.6914134819	40.1264762878	14399.3906250000	0.0000000000
0.6914192658	40.1226882935	14378.2802734375	0.0000000000
0.6914250499	40.1278572083	14425.4218750000	0.0000000000
0.6914308336	40.1200904846	14534.4423828125	0.0000000000
0.6914366175	40.1290283203	14669.7812500000	0.0000000000
0.6914424015	40.1249008179	14767.0966796875	0.0000000000
0.6914482086	40.1273231506	14784.3105468750	0.0000000000
0.6914539924	40.1234664917	14521.6835937500	0.0000000000
0.6914597761	40.1318702698	14344.7011718750	0.0000000000
0.6914655600	40.1292228699	14332.5322265625	0.0000000000
0.6914713439	40.1287193298	14489.4804687500	0.0000000000
0.6914771277	40.1328964233	14531.8447265625	0.0000000000
0.6914829350	40.1334342957	14629.0087890625	0.0000000000
0.6914887188	40.1351203918	14795.6494140625	0.0000000000
0.6914945027	40.1261863708	14839.3056640625	0.0000000000
0.6915002866	40.1334228516	14618.2685546875	0.0000000000
0.6915060705	40.1227188110	14311.2519531250	0.0000000000
0.6915118544	40.1280708313	14418.1669921875	0.0000000000
0.6915176382	40.1138610840	14521.5068359375	0.0000000000
0.6915234450	40.1236114502	14565.2216796875	0.0000000000
0.6915292289	40.1227073669	14538.7724609375	0.0000000000
0.6915350128	40.1148300171	14682.4667968750	0.0000000000
0.6915407967	40.1229286194	14777.5986328125	0.0000000000
0.6915465805	40.1238822937	14531.2587890625	0.0000000000
0.6915523646	40.1175537109	14304.6162109375	0.0000000000
0.6915581485	40.1266860962	14392.8574218750	0.0000000000
0.6915639555	40.1197814941	14479.0693359375	0.0000000000
0.6915697394	40.1281318665	14452.5537109375	0.0000000000
0.6915755233	40.1251983643	14578.1542968750	0.0000000000
0.6915813072	40.1228790283	14725.0537109375	0.0000000000
0.6915870908	40.1253890991	14772.3554687500	0.0000000000
0.6915928747	40.1316986084	14612.7500000000	0.0000000000
0.6915986817	40.1252899170	14323.4101562500	0.0000000000
0.6916044658	40.1249198914	14339.2060546875	0.0000000000
0.6916102497	40.1299476624	14480.6337890625	0.0000000000
0.6916160333	40.1250457764	14516.6357421875	0.0000000000
0.6916218189	40.1316909790	14546.2500000000	0.0000000000
0.6916276028	40.1272430420	14732.6367187500	0.0000000000
0.6916333867	40.1295776367	14795.0439453125	0.0000000000
0.6916391706	40.1278762817	14588.3564453125	0.0000000000
0.6916449544	40.1279067993	14255.3701171875	0.0000000000
0.6916507614	40.1243934631	14308.9443359375	0.0000000000
0.6916565453	40.1203804016	14537.0078125000	0.0000000000
0.6916623292	40.1225662231	14547.0000000000	0.0000000000
0.6916681131	40.1224937439	14642.9531250000	0.0000000000
0.6916738970	40.1141624451	14755.7978515625	0.0000000000
0.6916796808	40.1235504150	14741.7167968750	0.0000000000
0.6916854647	40.1206130981	14599.9238281250	0.0000000000
0.6916912717	40.1208534241	14240.2685546875	0.0000000000
0.6916970558	40.1199913025	14263.8593750000	0.0000000000
0.6917028395	40.1194572449	14439.7812500000	0.0000000000
0.6917086234	40.1212959290	14497.3867187500	0.0000000000
0.6917144072	40.1233863831	14542.3388671875	0.0000000000
0.6917202145	40.1196479797	14643.2939453125	0.0000000000
0.6917259750	40.1201591492	14792.5458984375	0.0000000000
0.6917317820	40.1141700745	14570.3144531250	0.0000000000
0.6917375659	40.1199531555	14329.3417968750	0.0000000000
0.6917433498	40.1199569702	14284.9677734375	0.0000000000
0.6917491339	40.1186714172	14519.3535156250	0.0000000000
0.6917549175	40.1166419983	14596.1308593750	0.0000000000
0.6917607014	40.1171073914	14655.7724609375	0.0000000000
0.6917665084	40.1200294495	14833.6435546875	0.0000000000
0.6917722923	40.1243209839	14911.3154296875	0.0000000000
0.6917780762	40.1197776794	14726.0322265625	0.0000000000
0.6917838600	40.1216011047	14402.2460937500	0.0000000000
0.6917896439	40.1232910156	14397.4648437500	0.0000000000
0.6917954278	40.1206588745	14586.6767578125	0.0000000000
0.6918012117	40.1204605103	14614.5449218750	0.0000000000
0.6918070189	40.1252288818	14767.3955078125	0.0000000000
0.6918128028	40.1249771118	14842.2099609375	0.0000000000
0.6918185864	40.1275291443	14905.5976562500	0.0000000000
0.6918243705	40.1290664673	14695.7021484375	0.0000000000
0.6918301542	40.1322288513	14424.2490234375	0.0000000000
0.6918359383	40.1347122192	14420.0849609375	0.0000000000
0.6918417219	40.1368408203	14490.7148437500	0.0000000000
0.6918475290	40.1325836182	14659.0722656250	0.0000000000
0.6918533128	40.1295471191	14695.8310546875	0.0000000000
0.6918590967	40.1304321289	14767.0996093750	0.0000000000
0.6918648806	40.1266326904	14812.7978515625	0.0000000000
0.6918706645	40.1242523193	14621.0205078125	0.0000000000
0.6918764483	40.1242218018	14356.2871093750	0.0000000000
0.6918822324	40.1234512329	14419.2207031250	0.0000000000
0.6918880392	40.1243515015	14514.3378906250	0.0000000000
0.6918938231	40.1204109192	14655.6806640625	0.0000000000
0.6918996070	40.1221504211	14634.9443359375	0.0000000000
0.6919053911	40.1245346069	14693.0869140625	0.0000000000
0.6919111979	40.1205062866	14868.2197265625	0.0000000000
0.6919169586	40.1051788330	14632.2382812500	0.0000000000
0.6919227425	40.1119918823	14386.4277343750	0.0000000000
0.6919285495	40.1104011536	14344.0078125000	0.0000000000
0.6919343336	40.1130943298	14496.8681640625	0.0000000000
0.6919401175	40.1091156006	14587.9042968750	0.0000000000
0.6919459011	40.1113014221	14653.2246093750	0.0000000000
0.6919516850	40.1037864685	14675.6582031250	0.0000000000
0.6919574689	40.1049880981	14831.0507812500	0.0000000000
0.6919632528	40.1043968201	14644.6162109375	0.0000000000
0.6919690598	40.1030769348	14473.1289062500	0.0000000000
0.6919748437	40.1040267944	14283.0214843750	0.0000000000
0.6919806278	40.1038932800	14447.2363281250	0.0000000000
0.6919864114	40.1040916443	14568.6093750000	0.0000000000
0.6919921955	40.1088294983	14782.6181640625	0.0000000000
0.6919979792	40.1040649414	14836.3281250000	0.0000000000
0.6920037631	40.1065597534	14777.9013671875	0.0000000000
0.6920095703	40.1064529419	14634.1914062500	0.0000000000
0.6920153539	40.1040916443	14402.5029296875	0.0000000000
0.6920211378	40.1052932739	14303.2382812500	0.0000000000
0.6920269448	40.1038589478	14458.1406250000	0.0000000000
0.6920327056	40.1068878174	14672.4746093750	0.0000000000
0.6920384895	40.1010017395	14697.0800781250	0.0000000000
0.6920442733	40.1056709290	14780.3652343750	0.0000000000
0.6920500803	40.1044158936	14906.0927734375	0.0000000000
0.6920558642	40.1015472412	14693.1298828125	0.0000000000
0.6920616481	40.1091842651	14391.0527343750	0.0000000000
0.6920674320	40.1077461243	14396.4169921875	0.0000000000
0.6920732159	40.1102142334	14508.3437500000	0.0000000000
0.6920789997	40.1017112732	14639.7734375000	0.0000000000
0.6920847836	40.1088829041	14711.8017578125	0.0000000000
0.6920905906	40.1033058167	14731.8457031250	0.0000000000
0.6920963745	40.1060981750	14936.9306640625	0.0000000000
0.6921021584	40.1057968140	14701.3320312500	0.0000000000
0.6921079423	40.1105041504	14491.3310546875	0.0000000000
0.6921137263	40.1040687561	14423.0058593750	0.0000000000
0.6921195100	40.1110954285	14490.1191406250	0.0000000000
0.6921252939	40.1134033203	14649.5078125000	0.0000000000
0.6921311009	40.1123199463	14608.6826171875	0.0000000000
0.6921368848	40.1092834473	14881.4609375000	0.0000000000
0.6921426686	40.1090850830	14920.8291015625	0.0000000000
0.6921484525	40.1130943298	14557.9208984375	0.0000000000
0.6921542364	40.1178932190	14218.9169921875	0.0000000000
0.6921600203	40.1127281189	14014.6708984375	0.0000000000
0.6921658273	40.1195449829	14313.9853515625	0.0000000000
0.6921716112	40.1196937561	14367.3886718750	0.0000000000
0.6921773951	40.1208610535	14358.8496093750	0.0000000000
0.6921831789	40.1150398254	14437.5488281250	0.0000000000
0.6921889628	40.1141891479	14448.8554687500	0.0000000000
0.6921947467	40.1184310913	14316.8974609375	0.0000000000
0.6922005306	40.1161231995	14027.5019531250	0.0000000000
0.6922063144	40.1189956665	14063.1992187500	0.0000000000
0.6922121217	40.1060676575	14156.7382812500	0.0000000000
0.6922179053	40.1130409241	14161.4277343750	0.0000000000
0.6922236892	40.1186943054	14268.8339843750	0.0000000000
0.6922294731	40.1197357178	14479.1552734375	0.0000000000
0.6922352570	40.1098136902	14605.3251953125	0.0000000000
0.6922410408	40.1138534546	14267.7832031250	0.0000000000
0.6922468247	40.1075325012	14065.0800781250	0.0000000000
0.6922526317	40.1106796265	14190.3750000000	0.0000000000
0.6922584156	40.1106224060	14276.6416015625	0.0000000000
0.6922641995	40.1096611023	14265.4882812500	0.0000000000
0.6922699834	40.1085968018	14405.1914062500	0.0000000000
0.6922757672	40.1136398315	14487.8251953125	0.0000000000
0.6922815511	40.1131591797	14643.8681640625	0.0000000000
0.6922873581	40.1194152832	14394.2470703125	0.0000000000
0.6922931422	40.1227226257	14162.2197265625	0.0000000000
0.6922989261	40.1169433594	14089.4648437500	0.0000000000
0.6923047098	40.1146202087	14310.6826171875	0.0000000000
0.6923104936	40.1088294983	14499.1201171875	0.0000000000
0.6923162775	40.1169891357	14449.7011718750	0.0000000000
0.6923220614	40.1158790588	14731.9423828125	0.0000000000
0.6923278684	40.1182136536	14835.3164062500	0.0000000000
0.6923336523	40.1179885864	14773.2578125000	0.0000000000
0.6923394362	40.1255912781	14847.4990234375	0.0000000000
0.6923452200	40.1232872009	14526.2119140625	0.0000000000
0.6923510039	40.1249809265	14805.5136718750	0.0000000000
0.6923568109	40.1269683838	14729.0068359375	0.0000000000
0.6923625717	40.1267471313	14914.6972656250	0.0000000000
0.6923683787	40.1235923767	14991.5820312500	0.0000000000
0.6923741626	40.1274986267	15134.1718750000	0.0000000000
0.6923799464	40.1211204529	14962.2441406250	0.0000000000
0.6923857303	40.1253852844	14575.3691406250	0.0000000000
0.6923915142	40.1307487488	14635.4296875000	0.0000000000
0.6923972981	40.1313819885	14693.4697265625	0.0000000000
0.6924030820	40.1336097717	14843.4169921875	0.0000000000
0.6924088890	40.1316833496	14864.2236328125	0.0000000000
0.6924146729	40.1372070313	14928.6650390625	0.0000000000
0.6924204569	40.1336021423	15096.8974609375	0.0000000000
0.6924262408	40.1281738281	14928.3281250000	0.0000000000
0.6924320245	40.1267127991	14624.4111328125	0.0000000000
0.6924378084	40.1354408264	14385.7060546875	0.0000000000
0.6924435922	40.1332092285	14734.2207031250	0.0000000000
0.6924493992	40.1327705383	14836.2695312500	0.0000000000
0.6924551853	40.1339302063	14822.1298828125	0.0000000000
0.6924609692	40.1384506226	14987.6611328125	0.0000000000
0.6924667531	40.1284713745	15042.3017578125	0.0000000000
0.6924725368	40.1340103149	14929.9306640625	0.0000000000
0.6924783209	40.1328926086	14589.5859375000	0.0000000000
0.6924841047	40.1379089355	14550.1972656250	0.0000000000
0.6924898884	40.1398887634	14721.2539062500	0.0000000000
0.6924956954	40.1453132629	14851.4267578125	0.0000000000
0.6925014795	40.1339607239	14816.1630859375	0.0000000000
0.6925072634	40.1351394653	14937.4541015625	0.0000000000
0.6925130704	40.1348075867	15053.1953125000	0.0000000000
0.6925188309	40.1317558289	14876.2714843750	0.0000000000
0.6925246150	40.1412391663	14553.2177734375	0.0000000000
0.6925303987	40.1377563477	14550.9023437500	0.0000000000
0.6925362057	40.1442871094	14727.2548828125	0.0000000000
0.6925419898	40.1342163086	14782.2792968750	0.0000000000
0.6925477737	40.1436233521	14865.0371093750	0.0000000000
0.6925535575	40.1403427124	14952.1962890625	0.0000000000
0.6925593412	40.1400032043	15111.0683593750	0.0000000000
0.6925651253	40.1366615295	14774.6435546875	0.0000000000
0.6925709092	40.1408004761	14587.7587890625	0.0000000000
0.6925767160	40.1414680481	14673.4960937500	0.0000000000
0.6925825001	40.1370429993	14711.9912109375	0.0000000000
0.6925882837	40.1411628723	14696.9257812500	0.0000000000
0.6925940910	40.1408233643	14895.3613281250	0.0000000000
0.6925998515	40.1378173828	14725.1904296875	0.0000000000
0.6926056356	40.1338272095	15148.8955078125	0.0000000000
0.6926114192	40.1376380920	14806.0810546875	0.0000000000
0.6926172263	40.1373901367	14476.5429687500	0.0000000000
0.6926230101	40.1369094849	14493.3789062500	0.0000000000
0.6926287940	40.1397819519	14662.4218750000	0.0000000000
0.6926345781	40.1330528259	14779.5117187500	0.0000000000
0.6926403620	40.1394348145	14713.1503906250	0.0000000000
0.6926461458	40.1401977539	14853.2587890625	0.0000000000
0.6926519526	40.1383972168	15063.1298828125	0.0000000000
0.6926577367	40.1414184570	14825.5078125000	0.0000000000
0.6926635206	40.1407127380	14481.3496093750	0.0000000000
0.6926693045	40.1438522339	14508.1845703125	0.0000000000
0.6926750884	40.1398315430	14647.2431640625	0.0000000000
0.6926808723	40.1373901367	14711.7998046875	0.0000000000
0.6926866561	40.1396064758	14891.7998046875	0.0000000000
0.6926924631	40.1367988586	14903.6416015625	0.0000000000
0.6926982470	40.1396102905	15022.0244140625	0.0000000000
0.6927040309	40.1456718445	14975.7382812500	0.0000000000
0.6927098148	40.1409912109	14578.9140625000	0.0000000000
0.6927155986	40.1436042786	14472.8291015625	0.0000000000
0.6927214055	40.1397171021	14759.4072265625	0.0000000000
0.6927271662	40.1407470703	14786.5498046875	0.0000000000
0.6927329732	40.1422233582	14760.9208984375	0.0000000000
0.6927387573	40.1438713074	15137.7617187500	0.0000000000
0.6927445412	40.1432189941	15124.4091796875	0.0000000000
0.6927503250	40.1436233521	15011.0712890625	0.0000000000
0.6927561089	40.1452598572	14720.8623046875	0.0000000000
0.6927618928	40.1484298706	14652.9892578125	0.0000000000
0.6927676765	40.1481590271	14780.4804687500	0.0000000000
0.6927734835	40.1422920227	15052.6250000000	0.0000000000
0.6927792676	40.1450157166	15025.3417968750	0.0000000000
0.6927850515	40.1447601318	14908.8535156250	0.0000000000
0.6927908351	40.1397094727	15218.4541015625	0.0000000000
0.6927966190	40.1397323608	15325.3339843750	0.0000000000
0.6928024031	40.1375122070	14837.6982421875	0.0000000000
0.6928081867	40.1246795654	14813.8964843750	0.0000000000
0.6928139938	40.1242752075	14960.6855468750	0.0000000000
0.6928197776	40.1239395142	15083.9804687500	0.0000000000
0.6928255615	40.1211738586	15167.7011718750	0.0000000000
0.6928313454	40.1232566833	15250.3662109375	0.0000000000
0.6928371293	40.1195907593	15365.1210937500	0.0000000000
0.6928429134	40.1135444641	15239.1210937500	0.0000000000
0.6928486970	40.1167259216	14968.2705078125	0.0000000000
0.6928545043	40.1146202087	14725.1933593750	0.0000000000
0.6928602881	40.1163101196	14964.9179687500	0.0000000000
0.6928660720	40.1151313782	15104.5957031250	0.0000000000
0.6928718559	40.1121063232	15141.7431640625	0.0000000000
0.6928776395	40.1181983948	15194.9843750000	0.0000000000
0.6928834236	40.1194038391	15402.4541015625	0.0000000000
0.6928892073	40.1149635315	15303.3310546875	0.0000000000
0.6928950143	40.1173820496	14869.4111328125	0.0000000000
0.6929007982	40.1194839478	14736.8837890625	0.0000000000
0.6929065821	40.1139907837	14996.9199218750	0.0000000000
0.6929123891	40.1171302795	15124.7119140625	0.0000000000
0.6929181500	40.1169815063	15120.1904296875	0.0000000000
0.6929239339	40.1110420227	15159.2089843750	0.0000000000
0.6929297178	40.1143417358	15305.9335937500	0.0000000000
0.6929355248	40.1153068542	15232.1484375000	0.0000000000
0.6929413087	40.1169281006	14892.8017578125	0.0000000000
0.6929470923	40.1136932373	14876.4814453125	0.0000000000
0.6929528762	40.1163253784	14914.4091796875	0.0000000000
0.6929586603	40.1118659973	15054.6054687500	0.0000000000
0.6929644442	40.1125640869	15160.6035156250	0.0000000000
0.6929702279	40.1188087463	15166.8994140625	0.0000000000
0.6929760349	40.1231727600	15378.3056640625	0.0000000000
0.6929818190	40.1260147095	15143.9365234375	0.0000000000
0.6929876026	40.1229820251	14903.9677734375	0.0000000000
0.6929934099	40.1248435974	14678.2519531250	0.0000000000
0.6929991706	40.1240806580	14953.3994140625	0.0000000000
0.6930049545	40.1224784851	15053.8359375000	0.0000000000
0.6930107384	40.1219635010	15086.4550781250	0.0000000000
0.6930165451	40.1243934631	15233.8320312500	0.0000000000
0.6930223290	40.1282463074	15332.3720703125	0.0000000000
0.6930281131	40.1266021729	15245.7773437500	0.0000000000
0.6930338970	40.1211624146	14873.2636718750	0.0000000000
0.6930396807	40.1215515137	14690.3193359375	0.0000000000
0.6930454645	40.1215744019	14961.7265625000	0.0000000000
0.6930512484	40.1295776367	15006.8740234375	0.0000000000
0.6930570554	40.1268310547	15048.1660156250	0.0000000000
0.6930628395	40.1232604980	15205.1953125000	0.0000000000
0.6930686234	40.1273498535	15282.4003906250	0.0000000000
0.6930744073	40.1230163574	15211.9443359375	0.0000000000
0.6930801909	40.1246528625	14902.0742187500	0.0000000000
0.6930859748	40.1180610657	14754.3105468750	0.0000000000
0.6930917820	40.1227569580	14875.8535156250	0.0000000000
0.6930975659	40.1145973206	15023.2207031250	0.0000000000
0.6931033498	40.1204681396	15151.7294921875	0.0000000000
0.6931091337	40.1229896545	15173.2236328125	0.0000000000
0.6931149176	40.1264533997	15450.0292968750	0.0000000000
0.6931207012	40.1232032776	15316.9833984375	0.0000000000
0.6931264853	40.1293296814	14947.3408203125	0.0000000000
0.6931322692	40.1341857910	14680.5224609375	0.0000000000
0.6931380762	40.1299819946	14993.4355468750	0.0000000000
0.6931438601	40.1309967041	15104.8818359375	0.0000000000
0.6931496439	40.1286277771	15028.0917968750	0.0000000000
0.6931554510	40.1337356567	15249.8964843750	0.0000000000
0.6931612117	40.1294288635	15323.0546875000	0.0000000000
0.6931669954	40.1306571960	15227.1464843750	0.0000000000
0.6931728024	40.1327667236	14946.3720703125	0.0000000000
0.6931785865	40.1328773499	14723.5937500000	0.0000000000
0.6931843701	40.1300277710	14993.5507812500	0.0000000000
0.6931901542	40.1354866028	15028.2177734375	0.0000000000
0.6931959381	40.1328697205	15103.1718750000	0.0000000000
0.6932017220	40.1345329285	15150.2568359375	0.0000000000
0.6932075059	40.1397056580	15278.6621093750	0.0000000000
0.6932133127	40.1375694275	15318.1660156250	0.0000000000
0.6932190968	40.1325569153	14863.2451171875	0.0000000000
0.6932248804	40.1355514526	14765.7294921875	0.0000000000
0.6932306645	40.1371765137	14823.9189453125	0.0000000000
0.6932364484	40.1423339844	15039.5595703125	0.0000000000
0.6932422323	40.1416015625	15121.2119140625	0.0000000000
0.6932480161	40.1446075439	15169.2216796875	0.0000000000
0.6932538229	40.1390800476	15302.9785156250	0.0000000000
0.6932596070	40.1424560547	15162.3242187500	0.0000000000
0.6932653907	40.1409149170	14976.3906250000	0.0000000000
0.6932711748	40.1440658569	14720.8876953125	0.0000000000
0.6932769587	40.1390800476	14883.5888671875	0.0000000000
0.6932827423	40.1426048279	15048.3125000000	0.0000000000
0.6932885264	40.1410446167	15095.1865234375	0.0000000000
0.6932943332	40.1438560486	15177.9287109375	0.0000000000
0.6933001171	40.1480331421	15369.8671875000	0.0000000000
0.6933059012	40.1480484009	15318.0488281250	0.0000000000
0.6933116848	40.1434860229	15005.3281250000	0.0000000000
0.6933174921	40.1441268921	14714.0742187500	0.0000000000
0.6933232526	40.1453285217	14945.3447265625	0.0000000000
0.6933290365	40.1460876465	15041.8964843750	0.0000000000
0.6933348435	40.1469306946	15119.0595703125	0.0000000000
0.6933406274	40.1487121582	15122.8623046875	0.0000000000
0.6933464113	40.1475906372	15291.9951171875	0.0000000000
0.6933521953	40.1546363831	15348.0527343750	0.0000000000
0.6933579792	40.1502189636	14973.1650390625	0.0000000000
0.6933637629	40.1492767334	14802.8476562500	0.0000000000
0.6933695470	40.1495170593	14857.0214843750	0.0000000000
0.6933753538	40.1535987854	14998.0166015625	0.0000000000
0.6933811376	40.1466903687	15110.0976562500	0.0000000000
0.6933869215	40.1539077759	15184.9941406250	0.0000000000
0.6933927056	40.1535644531	15395.4531250000	0.0000000000
0.6933984893	40.1522674561	15306.5498046875	0.0000000000
0.6934042734	40.1491279602	15046.3769531250	0.0000000000
0.6934100573	40.1540603638	14769.0927734375	0.0000000000
0.6934158643	40.1569099426	14876.9072265625	0.0000000000
0.6934216481	40.1524658203	15086.7871093750	0.0000000000
0.6934274320	40.1576309204	15049.7421875000	0.0000000000
0.6934332157	40.1597175598	15216.8828125000	0.0000000000
0.6934389996	40.1555786133	15303.6748046875	0.0000000000
0.6934447834	40.1586380005	15337.5761718750	0.0000000000
0.6934505675	40.1568603516	14934.7919921875	0.0000000000
0.6934563745	40.1548957825	14738.0117187500	0.0000000000
0.6934621584	40.1564712524	14967.7666015625	0.0000000000
0.6934679423	40.1566009521	15053.8037109375	0.0000000000
0.6934737262	40.1529464722	15083.0654296875	0.0000000000
0.6934795101	40.1517868042	15180.5517578125	0.0000000000
0.6934852939	40.1549491882	15287.9501953125	0.0000000000
0.6934910778	40.1547851563	15277.3056640625	0.0000000000
0.6934968848	40.1525077820	14972.5263671875	0.0000000000
0.6935026687	40.1555480957	14777.1367187500	0.0000000000
0.6935084526	40.1535186768	14797.0039062500	0.0000000000
0.6935142364	40.1550941467	14994.7929687500	0.0000000000
0.6935200203	40.1557044983	15074.3935546875	0.0000000000
0.6935258042	40.1582641602	15089.4521484375	0.0000000000
0.6935315881	40.1600799561	15245.8818359375	0.0000000000
0.6935373949	40.1541366577	15233.8916015625	0.0000000000
0.6935431788	40.1611099243	14962.0156250000	0.0000000000
0.6935489629	40.1607131958	14680.7138671875	0.0000000000
0.6935547467	40.1639060974	14805.0156250000	0.0000000000
0.6935605304	40.1559829712	15005.2646484375	0.0000000000
0.6935663145	40.1596336365	15004.4248046875	0.0000000000
0.6935720984	40.1580543518	15091.7509765625	0.0000000000
0.6935779052	40.1630668640	15252.5332031250	0.0000000000
0.6935836892	40.1634597778	15234.3242187500	0.0000000000
0.6935894731	40.1585884094	15030.7626953125	0.0000000000
0.6935952568	40.1614875793	14776.4208984375	0.0000000000
0.6936010407	40.1669387817	14801.9199218750	0.0000000000
0.6936068248	40.1670341492	14970.9296875000	0.0000000000
0.6936126086	40.1711082458	15013.9023437500	0.0000000000
0.6936184154	40.1661109924	15072.9511718750	0.0000000000
0.6936241995	40.1638832092	15199.3242187500	0.0000000000
0.6936299834	40.1658592224	15291.3593750000	0.0000000000
0.6936357673	40.1663703918	15005.3251953125	0.0000000000
0.6936415512	40.1676940918	14748.4101562500	0.0000000000
0.6936473350	40.1629333496	14778.5566406250	0.0000000000
0.6936531187	40.1649436951	15007.0859375000	0.0000000000
0.6936589259	40.1697196960	14984.4296875000	0.0000000000
0.6936647098	40.1645240784	14991.7587890625	0.0000000000
0.6936704937	40.1668090820	15282.0781250000	0.0000000000
0.6936763007	40.1682510376	15269.0966796875	0.0000000000
0.6936820614	40.1615142822	14960.2802734375	0.0000000000
0.6936878453	40.1654624939	14659.6464843750	0.0000000000
0.6936936292	40.1652984619	14802.9980468750	0.0000000000
0.6936994360	40.1652908325	14989.3417968750	0.0000000000
0.6937052201	40.1662788391	15035.0263671875	0.0000000000
0.6937110038	40.1706504822	14955.7236328125	0.0000000000
0.6937167878	40.1695709229	15193.2050781250	0.0000000000
0.6937225715	40.1676025391	15245.3281250000	0.0000000000
0.6937283554	40.1682014465	15033.3427734375	0.0000000000
0.6937341624	40.1671752930	14731.5712890625	0.0000000000
0.6937399463	40.1670684814	14800.4091796875	0.0000000000
0.6937457304	40.1712112427	14972.7060546875	0.0000000000
0.6937515143	40.1677894592	14998.0722656250	0.0000000000
0.6937572981	40.1676864624	15118.7607421875	0.0000000000
0.6937630820	40.1705703735	15149.3730468750	0.0000000000
0.6937688659	40.1651344299	15247.9873046875	0.0000000000
0.6937746729	40.1750488281	14901.5419921875	0.0000000000
0.6937804565	40.1708793640	14721.4951171875	0.0000000000
0.6937862406	40.1684265137	14685.2695312500	0.0000000000
0.6937920245	40.1702804565	14895.5185546875	0.0000000000
0.6937978084	40.1672744751	15093.2587890625	0.0000000000
0.6938035921	40.1777915955	15047.9951171875	0.0000000000
0.6938093759	40.1731605530	15166.0849609375	0.0000000000
0.6938151832	40.1746559143	15149.6640625000	0.0000000000
0.6938209668	40.1735877991	15011.0322265625	0.0000000000
0.6938267507	40.1774711609	14678.6650390625	0.0000000000
0.6938325346	40.1794319153	14728.2539062500	0.0000000000
0.6938383187	40.1720542908	14917.7431640625	0.0000000000
0.6938441025	40.1810150146	14923.7460937500	0.0000000000
0.6938498864	40.1745300293	15046.3251953125	0.0000000000
0.6938556934	40.1799201965	15089.3056640625	0.0000000000
0.6938614771	40.1851844788	15238.6074218750	0.0000000000
0.6938672610	40.1816978455	15057.0595703125	0.0000000000
0.6938730449	40.1822433472	14695.8017578125	0.0000000000
0.6938788287	40.1826667786	14619.6894531250	0.0000000000
0.6938846128	40.1828727722	14917.5156250000	0.0000000000
0.6938903967	40.1808891296	17730.7988281250	0.0000000000
